-- Site
INSERT INTO SITE(NOSITE,LIBELLE) VALUES (1,'LILLE');
INSERT INTO SITE(NOSITE,LIBELLE) VALUES (2,'PARIS');

-- fonction -- que lille
INSERT INTO FONCTION(NOFONCTION,LIBELLE) VALUES (1,'chauffeur');
INSERT INTO FONCTION(NOFONCTION,LIBELLE) VALUES (2,'secrétaire');
INSERT INTO FONCTION(NOFONCTION,LIBELLE) VALUES (3,'commercial');
INSERT INTO FONCTION(NOFONCTION,LIBELLE) VALUES (4,'directeur');
INSERT INTO FONCTION(NOFONCTION,LIBELLE) VALUES (5,'contrôleur');

-- CENTRETRAITEMENT
-- lille
INSERT INTO CENTRETRAITEMENT(NOCENTRE,NOMCENTRE,NORUECENTRE,CPOSTALCENTRE,VILLECENTRE)
VALUES (1,'Centre Mercan',23,'rue des champs',59800,'Lille');
INSERT INTO CENTRETRAITEMENT(NOCENTRE,NOMCENTRE,NORUECENTRE,CPOSTALCENTRE,VILLECENTRE)
VALUES (1,'Prorecycle',14,'Chemin de la frontière',59800,'Lille');
INSERT INTO CENTRETRAITEMENT(NOCENTRE,NOMCENTRE,NORUECENTRE,CPOSTALCENTRE,VILLECENTRE)
VALUES (1,'Objrecycl',123,'Avenue Marcadet',59800,'Lille');
INSERT INTO CENTRETRAITEMENT(NOCENTRE,NOMCENTRE,NORUECENTRE,CPOSTALCENTRE,VILLECENTRE)
VALUES (1,'Triselec',5,'3ieme avenue',59000,'Loos');
INSERT INTO CENTRETRAITEMENT(NOCENTRE,NOMCENTRE,NORUECENTRE,CPOSTALCENTRE,VILLECENTRE)
VALUES (1,'Acremat',253,'Avenue de Leeds',59777,'Lille');
INSERT INTO CENTRETRAITEMENT(NOCENTRE,NOMCENTRE,NORUECENTRE,CPOSTALCENTRE,VILLECENTRE)
VALUES (1,'Galloo',6,'rue Courtois',59000,'Lille');
INSERT INTO CENTRETRAITEMENT(NOCENTRE,NOMCENTRE,NORUECENTRE,CPOSTALCENTRE,VILLECENTRE)
VALUES (1,'Picavet',51,'rue Moulin Cardon',59910,'Bondues');
INSERT INTO CENTRETRAITEMENT(NOCENTRE,NOMCENTRE,NORUECENTRE,CPOSTALCENTRE,VILLECENTRE)
VALUES (1,'Castel',29,'rue Laon',59200,'Tourcoing');
-- PARIS
INSERT INTO CENTRETRAITEMENT(NOCENTRE,NOMCENTRE,NORUECENTRE,CPOSTALCENTRE,VILLECENTRE)
VALUES (1,'Centre Bourdin',23,'rue des Accassias',95800,'Jouy-le-Moutier');
INSERT INTO CENTRETRAITEMENT(NOCENTRE,NOMCENTRE,NORUECENTRE,CPOSTALCENTRE,VILLECENTRE)
VALUES (1,'Prorecycle',218,'Avenue des ponts',75019,'Paris');
INSERT INTO CENTRETRAITEMENT(NOCENTRE,NOMCENTRE,NORUECENTRE,CPOSTALCENTRE,VILLECENTRE)
VALUES (1,'Revie',56,'allée des Sycomores',94400,'Vitry-sur-Seine');
INSERT INTO CENTRETRAITEMENT(NOCENTRE,NOMCENTRE,NORUECENTRE,CPOSTALCENTRE,VILLECENTRE)
VALUES (1,'Deuxième Vie',36,'rue des grands espoirs',94490,'Ivry');
INSERT INTO CENTRETRAITEMENT(NOCENTRE,NOMCENTRE,NORUECENTRE,CPOSTALCENTRE,VILLECENTRE)
VALUES (1,'Neo',78,'Boulevard Jourdan',95000,'Cergy');


-- ENTREPRISE
-- Lille
INSERT INTO ENTREPRISE(SIRET,RAISONSOCIALE,NORUEENTR,RUEENTR,CPOSTALENTR,VILLEENTRE,NOTEL,CONTACT)
VALUES (123451320010012,'Decathlon',25,'Avenue Watrelos',59650,'Villeneuve','0339275236','M Vanderelst');
INSERT INTO ENTREPRISE(SIRET,RAISONSOCIALE,NORUEENTR,RUEENTR,CPOSTALENTR,VILLEENTRE,NOTEL,CONTACT)
VALUES (024565590120057,'Castorama',15,'Rue des plages',59175,'Templemars','0336215879','M Didire');
INSERT INTO ENTREPRISE(SIRET,RAISONSOCIALE,NORUEENTR,RUEENTR,CPOSTALENTR,VILLEENTRE,NOTEL,CONTACT)
VALUES (345655671230029,'Toyota Motor',120,'rue des Mirails',59264,'Onnaing','0356879321','Mme Crespin');
INSERT INTO ENTREPRISE(SIRET,RAISONSOCIALE,NORUEENTR,RUEENTR,CPOSTALENTR,VILLEENTRE,NOTEL,CONTACT)
VALUES (123487583650015,'Dalkia France',45,'Boulevard Marchand',59350,'Saint André les Lille','0356865871','Mme Dreschler');
INSERT INTO ENTREPRISE(SIRET,RAISONSOCIALE,NORUEENTR,RUEENTR,CPOSTALENTR,VILLEENTRE,NOTEL,CONTACT)
VALUES (056483328350015,'Selarl Despagne Maes','36,Rue des pyramides',59000,'Lille','0356766821','M Despadre');
INSERT INTO ENTREPRISE(SIRET,RAISONSOCIALE,NORUEENTR,RUEENTR,CPOSTALENTR,VILLEENTRE,NOTEL,CONTACT)
VALUES (125879255760011,'Lunginnov',36,'Rue dix bars',59000,'Lille','0355676354','M Attaf');
INSERT INTO ENTREPRISE(SIRET,RAISONSOCIALE,NORUEENTR,RUEENTR,CPOSTALENTR,VILLEENTRE,NOTEL,CONTACT)
VALUES (564712357860012,'Yassin Attof',44,'Avenue Marx Dormoy',59000,'Lille','0356246387','M Yassin Attof');
INSERT INTO ENTREPRISE(SIRET,RAISONSOCIALE,NORUEENTR,RUEENTR,CPOSTALENTR,VILLEENTRE,NOTEL,CONTACT)
VALUES (546258732150011,'Le moulin meunier',15,'Rue de Tournai',59000,'Lille','0365322522','M Meunier');
INSERT INTO ENTREPRISE(SIRET,RAISONSOCIALE,NORUEENTR,RUEENTR,CPOSTALENTR,VILLEENTRE,NOTEL,CONTACT)
VALUES (235463322450016,'Eole',61,'Avenue du peuple Belge',59800,'Lille','0323543325','M Duperche');
INSERT INTO ENTREPRISE(SIRET,RAISONSOCIALE,NORUEENTR,RUEENTR,CPOSTALENTR,VILLEENTRE,NOTEL,CONTACT)
VALUES (554821876540036,'Armel',22,'Place des Reignaux',59800,'Lille','0331256484','M Yakamoz');
-- paris
INSERT INTO ENTREPRISE(SIRET,RAISONSOCIALE,NORUEENTR,RUEENTR,CPOSTALENTR,VILLEENTRE,NOTEL,CONTACT)
VALUES (12345678900001,'Energym',10,'Boulevard de Pontoise',95000,'Pontoise','0134205236','Mme servant');
INSERT INTO ENTREPRISE(SIRET,RAISONSOCIALE,NORUEENTR,RUEENTR,CPOSTALENTR,VILLEENTRE,NOTEL,CONTACT)
VALUES (23456789010002,'La clé des champs',18,'Rue des Nouvelles',95490,'Vauréal','0135615879','M Fourdan');
INSERT INTO ENTREPRISE(SIRET,RAISONSOCIALE,NORUEENTR,RUEENTR,CPOSTALENTR,VILLEENTRE,NOTEL,CONTACT)
VALUES (34567890120003,'Formalys',145,'rue des Allouettes',78000,'Saint Germain','0136579321','M Cresdon');
INSERT INTO ENTREPRISE(SIRET,RAISONSOCIALE,NORUEENTR,RUEENTR,CPOSTALENTR,VILLEENTRE,NOTEL,CONTACT)
VALUES (48334367900013,'Cartoooche',84,'avenue de la République',75011,'Paris','0135201895','M Dun');
INSERT INTO ENTREPRISE(SIRET,RAISONSOCIALE,NORUEENTR,RUEENTR,CPOSTALENTR,VILLEENTRE,NOTEL,CONTACT)
VALUES (39116278100044,'Propack',140,'rue du faubourg Saint Honoré'',75008,'Paris,'0135206598','M Corall');
INSERT INTO ENTREPRISE(SIRET,RAISONSOCIALE,NORUEENTR,RUEENTR,CPOSTALENTR,VILLEENTRE,NOTEL,CONTACT)
VALUES (38221444300014,'Mavick',32,'rue du Général Beuret',75015,'Paris','0136548790','M Dravick');
INSERT INTO ENTREPRISE(SIRET,RAISONSOCIALE,NORUEENTR,RUEENTR,CPOSTALENTR,VILLEENTRE,NOTEL,CONTACT)
VALUES (38310924600025,'Aqualia',26,'rue Nicolai',7512,'Paris','0135659875','M Brilat');
INSERT INTO ENTREPRISE(SIRET,RAISONSOCIALE,NORUEENTR,RUEENTR,CPOSTALENTR,VILLEENTRE,NOTEL,CONTACT)
VALUES (33041607400038,'Perenco',7,'rue de logelbach',75017,'Paris','0135879632','Mme Vandenberck');
INSERT INTO ENTREPRISE(SIRET,RAISONSOCIALE,NORUEENTR,RUEENTR,CPOSTALENTR,VILLEENTRE,NOTEL,CONTACT)
VALUES (41167102700059,'Caroil',51,'rue Anjou',75008,'Paris','0135647562','M Durand');
INSERT INTO ENTREPRISE(SIRET,RAISONSOCIALE,NORUEENTR,RUEENTR,CPOSTALENTR,VILLEENTRE,NOTEL,CONTACT)
VALUES (38238166300014,'Atelier Joel',135,'Boulevard de Sebastopol',75002,'Paris','0136546874','M Fractur');
INSERT INTO ENTREPRISE(SIRET,RAISONSOCIALE,NORUEENTR,RUEENTR,CPOSTALENTR,VILLEENTRE,NOTEL,CONTACT)
VALUES (33364631300010,'Ciambelli',12,'rue Dauphine',75006,'Paris','0135213258','M Dactibne');
INSERT INTO ENTREPRISE(SIRET,RAISONSOCIALE,NORUEENTR,RUEENTR,CPOSTALENTR,VILLEENTRE,NOTEL,CONTACT)
VALUES (41392116400013,'Antada',3,'rue du colonel Moll',75017,'Paris','0134542655','M Martin');
INSERT INTO ENTREPRISE(SIRET,RAISONSOCIALE,NORUEENTR,RUEENTR,CPOSTALENTR,VILLEENTRE,NOTEL,CONTACT)
VALUES (42382805200013,'AJLC',18,'rue Saint Ferdinand',75017,'Paris','0135213265','Mme Lutin');
INSERT INTO ENTREPRISE(SIRET,RAISONSOCIALE,NORUEENTR,RUEENTR,CPOSTALENTR,VILLEENTRE,NOTEL,CONTACT)
VALUES (38248452500037,'Tyfatou',103,'rue de Rennes',75006,'Paris','0135213658','M Detallis');
INSERT INTO ENTREPRISE(SIRET,RAISONSOCIALE,NORUEENTR,RUEENTR,CPOSTALENTR,VILLEENTRE,NOTEL,CONTACT)
VALUES (38219696200064,'Arkanorum',27,'rue de Linne',75005,'Paris','0134206741','Mme Lorginel');

-- TYPEDECHET
-- Lille et Paris
INSERT INTO TypeDechet(NOTYPEDECHET,NOMTYPEDECHET,NIV_DANGER,TARIF_FORFETAIRE,TARIF_LOT)
VALUES (0,'Papier',0,13,16);
INSERT INTO TypeDechet(NOTYPEDECHET,NOMTYPEDECHET,NIV_DANGER,TARIF_FORFETAIRE,TARIF_LOT)
VALUES (0,'Verre',1,NULL,NULL);
INSERT INTO TypeDechet(NOTYPEDECHET,NOMTYPEDECHET,NIV_DANGER,TARIF_FORFETAIRE,TARIF_LOT)
VALUES (0,'Plastique',0,NULL,NULL);
INSERT INTO TypeDechet(NOTYPEDECHET,NOMTYPEDECHET,NIV_DANGER,TARIF_FORFETAIRE,TARIF_LOT)
VALUES (0,'Luminaires',1,NULL,NULL);
INSERT INTO TypeDechet(NOTYPEDECHET,NOMTYPEDECHET,NIV_DANGER,TARIF_FORFETAIRE,TARIF_LOT)
VALUES (0,'Piles',2,NULL,NULL);
INSERT INTO TypeDechet(NOTYPEDECHET,NOMTYPEDECHET,NIV_DANGER,TARIF_FORFETAIRE,TARIF_LOT)
VALUES (0,'Encre',0,NULL,NULL);
INSERT INTO TypeDechet(NOTYPEDECHET,NOMTYPEDECHET,NIV_DANGER,TARIF_FORFETAIRE,TARIF_LOT)
VALUES (0,'Métal',0,NULL,NULL);
INSERT INTO TypeDechet(NOTYPEDECHET,NOMTYPEDECHET,NIV_DANGER,TARIF_FORFETAIRE,TARIF_LOT)
VALUES (0,'Déchets verts',0,NULL,NULL);
INSERT INTO TypeDechet(NOTYPEDECHET,NOMTYPEDECHET,NIV_DANGER,TARIF_FORFETAIRE,TARIF_LOT)
VALUES (0,'Gravats',0,NULL,NULL);
INSERT INTO TypeDechet(NOTYPEDECHET,NOMTYPEDECHET,NIV_DANGER,TARIF_FORFETAIRE,TARIF_LOT)
VALUES (0,'Appareils électriques',2,NULL,NULL);
INSERT INTO TypeDechet(NOTYPEDECHET,NOMTYPEDECHET,NIV_DANGER,TARIF_FORFETAIRE,TARIF_LOT)
VALUES (0,'Huile et peinture',5,12,25);
INSERT INTO TypeDechet(NOTYPEDECHET,NOMTYPEDECHET,NIV_DANGER,TARIF_FORFETAIRE,TARIF_LOT)
VALUES (0,'Aérosols',5,20,32);

-- Employe
-- lille
INSERT INTO (NOEMPLOYE,NOM,PRENOM,DATENAISS,SALAIRE,DATEEMBAUCHE,NOFONCTION,NOSITE)
VALUES (1,'Brila','Danny','20/03/1970',1350,'25/11/2004',1,1);
INSERT INTO (NOEMPLOYE,NOM,PRENOM,DATENAISS,SALAIRE,DATEEMBAUCHE,NOFONCTION,NOSITE)
VALUES (2,'Vanmeersch','Martin','26/03/1980',1450,'01/05/2006',1,1);
INSERT INTO (NOEMPLOYE,NOM,PRENOM,DATENAISS,SALAIRE,DATEEMBAUCHE,NOFONCTION,NOSITE)
VALUES (3,'Decuyper','Liesbeth','25/09/1980',1450,'30/06/1999',2,1);
INSERT INTO (NOEMPLOYE,NOM,PRENOM,DATENAISS,SALAIRE,DATEEMBAUCHE,NOFONCTION,NOSITE)
VALUES (4,'Ide','Vivien','04/12/1970',1450,'31/07/2001',1,1);
INSERT INTO (NOEMPLOYE,NOM,PRENOM,DATENAISS,SALAIRE,DATEEMBAUCHE,NOFONCTION,NOSITE)
VALUES (5,'Anderson','Dirk','02/03/1965',2200,'18/07/2006',4,1);
INSERT INTO (NOEMPLOYE,NOM,PRENOM,DATENAISS,SALAIRE,DATEEMBAUCHE,NOFONCTION,NOSITE)
VALUES (6,'Verelst','Jurgen','17/08/1968',1800,'20/09/2003',5,1);
-- paris
INSERT INTO (NOEMPLOYE,NOM,PRENOM,DATENAISS,SALAIRE,DATEEMBAUCHE,NOFONCTION,NOSITE)
VALUES (7,'Dupond','Marc','18/01/1970',1300,'25/12/2003',1,2);
INSERT INTO (NOEMPLOYE,NOM,PRENOM,DATENAISS,SALAIRE,DATEEMBAUCHE,NOFONCTION,NOSITE)
VALUES (8,'Larby','Antoine','22/03/1979',1500,'12/05/2005',1,2);
INSERT INTO (NOEMPLOYE,NOM,PRENOM,DATENAISS,SALAIRE,DATEEMBAUCHE,NOFONCTION,NOSITE)
VALUES (9,'Zevallos','Juliana','05/07/1980',2000,'30/03/1999',2,2);
INSERT INTO (NOEMPLOYE,NOM,PRENOM,DATENAISS,SALAIRE,DATEEMBAUCHE,NOFONCTION,NOSITE)
VALUES (10,'Randal','Didier','11/11/1975',1500,'25/02/2000',1,2);
INSERT INTO (NOEMPLOYE,NOM,PRENOM,DATENAISS,SALAIRE,DATEEMBAUCHE,NOFONCTION,NOSITE)
VALUES (11,'Delhaye','Marcus','14/12/1968',1550,'31/07/2000',1,2);
INSERT INTO (NOEMPLOYE,NOM,PRENOM,DATENAISS,SALAIRE,DATEEMBAUCHE,NOFONCTION,NOSITE)
VALUES (12,'Simon','Daniel','29/03/1962',2000,'16/07/2004',4,2);
INSERT INTO (NOEMPLOYE,NOM,PRENOM,DATENAISS,SALAIRE,DATEEMBAUCHE,NOFONCTION,NOSITE)
VALUES (13,'Anders','Marie-Laure','16/06/1968',1900,'26/09/2001',5,2);

-- Camion
-- lille
INSERT INTO (NOIMMATRIC,DATEACHAT,MODELE,MARQUE,NOSITE)
VALUES ('125ABC59','12/01/1999','ZE','Renault',1);
INSERT INTO (NOIMMATRIC,DATEACHAT,MODELE,MARQUE,NOSITE)
VALUES ('658DEC59','16/11/1998','ZE','Renault',1);
INSERT INTO (NOIMMATRIC,DATEACHAT,MODELE,MARQUE,NOSITE)
VALUES ('632BRL59','08/06/2005','Master','Renault',1);
INSERT INTO (NOIMMATRIC,DATEACHAT,MODELE,MARQUE,NOSITE)
VALUES ('221REN59','22/08/2004','Master','Renault',1);
INSERT INTO (NOIMMATRIC,DATEACHAT,MODELE,MARQUE,NOSITE)
VALUES ('102YEK59','13/12/2006','ZE','Renault',1);
INSERT INTO (NOIMMATRIC,DATEACHAT,MODELE,MARQUE,NOSITE)
VALUES ('688BRF59','14/10/2010','TGL','Man',1);
INSERT INTO (NOIMMATRIC,DATEACHAT,MODELE,MARQUE,NOSITE)
VALUES ('652GGF59','14/10/2010','TGL','Man',1);
INSERT INTO (NOIMMATRIC,DATEACHAT,MODELE,MARQUE,NOSITE)
VALUES ('156KLA59','14/10/2010','TGL','Man',1);
-- paris
INSERT INTO (NOIMMATRIC,DATEACHAT,MODELE,MARQUE,NOSITE)
VALUES ('236CKV95','12/12/2000','Sprinter','Mercedes',2);
INSERT INTO (NOIMMATRIC,DATEACHAT,MODELE,MARQUE,NOSITE)
VALUES ('257DEF95','12/12/2000','Sprinter','Mercedes',2);
INSERT INTO (NOIMMATRIC,DATEACHAT,MODELE,MARQUE,NOSITE)
VALUES ('357BAS95','08/04/2004','Master','Renault',2);
INSERT INTO (NOIMMATRIC,DATEACHAT,MODELE,MARQUE,NOSITE)
VALUES ('763OPE95','16/04/2004','Master','Renault',2);
INSERT INTO (NOIMMATRIC,DATEACHAT,MODELE,MARQUE,NOSITE)
VALUES ('124FAK95','13/09/2006','ZE','Renault',2);
INSERT INTO (NOIMMATRIC,DATEACHAT,MODELE,MARQUE,NOSITE)
VALUES ('658SQL95','04/10/2010','TGL','Man',2);
INSERT INTO (NOIMMATRIC,DATEACHAT,MODELE,MARQUE,NOSITE)
VALUES ('532DFC95','04/10/2010','TGL','Man',2);
INSERT INTO (NOIMMATRIC,DATEACHAT,MODELE,MARQUE,NOSITE)
VALUES ('602LKS95','04/10/2010','TGL','Man',2);

-- Tournee
-- Lille
INSERT INTO Tournee(NOTOURNEE,DATETOURNEE,ETAT,NOIMMATRIC,NOEMPLOYE)
VALUES (1,'10/09/2018','','125ABC59',1);
INSERT INTO Tournee(NOTOURNEE,DATETOURNEE,ETAT,NOIMMATRIC,NOEMPLOYE)
VALUES (2,'10/09/2018','','658DEC59',2);
INSERT INTO Tournee(NOTOURNEE,DATETOURNEE,ETAT,NOIMMATRIC,NOEMPLOYE)
VALUES (3,'10/09/2018','','632BRL59',3);
INSERT INTO Tournee(NOTOURNEE,DATETOURNEE,ETAT,NOIMMATRIC,NOEMPLOYE)
VALUES (3,'10/09/2018','','632BRL59',3);
INSERT INTO Tournee(NOTOURNEE,DATETOURNEE,ETAT,NOIMMATRIC,NOEMPLOYE)
VALUES (4,'10/09/2018','','221REN59',4);
INSERT INTO Tournee(NOTOURNEE,DATETOURNEE,ETAT,NOIMMATRIC,NOEMPLOYE)
VALUES (4,'10/09/2018','','102YEK59',5);
INSERT INTO Tournee(NOTOURNEE,DATETOURNEE,ETAT,NOIMMATRIC,NOEMPLOYE)
VALUES (4,'10/09/2018','','688BRF59',6);
INSERT INTO Tournee(NOTOURNEE,DATETOURNEE,ETAT,NOIMMATRIC,NOEMPLOYE)
VALUES (4,'10/09/2018','','652GGF59',7);
INSERT INTO Tournee(NOTOURNEE,DATETOURNEE,ETAT,NOIMMATRIC,NOEMPLOYE)
VALUES (4,'20/09/2018','','156KLA59',1);
INSERT INTO Tournee(NOTOURNEE,DATETOURNEE,ETAT,NOIMMATRIC,NOEMPLOYE)
VALUES (4,'20/09/2018','','652GGF59',2);
INSERT INTO Tournee(NOTOURNEE,DATETOURNEE,ETAT,NOIMMATRIC,NOEMPLOYE)
VALUES (4,'21/09/2018','','688BRF59',3);
INSERT INTO Tournee(NOTOURNEE,DATETOURNEE,ETAT,NOIMMATRIC,NOEMPLOYE)
VALUES (4,'21/09/2018','','632BRL59',4);
INSERT INTO Tournee(NOTOURNEE,DATETOURNEE,ETAT,NOIMMATRIC,NOEMPLOYE)
VALUES (4,'22/09/2018','','125ABC59',6);
INSERT INTO Tournee(NOTOURNEE,DATETOURNEE,ETAT,NOIMMATRIC,NOEMPLOYE)
VALUES (4,'22/09/2018','','632BRL59',7);
INSERT INTO Tournee(NOTOURNEE,DATETOURNEE,ETAT,NOIMMATRIC,NOEMPLOYE)
VALUES (4,'26/09/2018','','102YEK59',7);
INSERT INTO Tournee(NOTOURNEE,DATETOURNEE,ETAT,NOIMMATRIC,NOEMPLOYE)
VALUES (4,'26/09/2018','','688BRF59',5);
INSERT INTO Tournee(NOTOURNEE,DATETOURNEE,ETAT,NOIMMATRIC,NOEMPLOYE)
VALUES (4,'26/09/2018','','652GGF59',3);
INSERT INTO Tournee(NOTOURNEE,DATETOURNEE,ETAT,NOIMMATRIC,NOEMPLOYE)
VALUES (4,'30/09/2018','','125ABC59',2);
INSERT INTO Tournee(NOTOURNEE,DATETOURNEE,ETAT,NOIMMATRIC,NOEMPLOYE)
VALUES (4,'30/09/2018','','658DEC59',1);
INSERT INTO Tournee(NOTOURNEE,DATETOURNEE,ETAT,NOIMMATRIC,NOEMPLOYE)
VALUES (4,'30/09/2018','','632BRL59',4);
INSERT INTO Tournee(NOTOURNEE,DATETOURNEE,ETAT,NOIMMATRIC,NOEMPLOYE)
VALUES (4,'05/10/2018','','221REN59',4);
INSERT INTO Tournee(NOTOURNEE,DATETOURNEE,ETAT,NOIMMATRIC,NOEMPLOYE)
VALUES (4,'05/10/2018','','102YEK59',6);
INSERT INTO Tournee(NOTOURNEE,DATETOURNEE,ETAT,NOIMMATRIC,NOEMPLOYE)
VALUES (4,'11/10/2018','','688BRF59',7);
INSERT INTO Tournee(NOTOURNEE,DATETOURNEE,ETAT,NOIMMATRIC,NOEMPLOYE)
VALUES (4,'11/10/2018','','652GGF59',5);
INSERT INTO Tournee(NOTOURNEE,DATETOURNEE,ETAT,NOIMMATRIC,NOEMPLOYE)
VALUES (4,'11/10/2018','','156KLA59',3);
INSERT INTO Tournee(NOTOURNEE,DATETOURNEE,ETAT,NOIMMATRIC,NOEMPLOYE)
VALUES (4,'11/10/2018','','125ABC59',2);
INSERT INTO Tournee(NOTOURNEE,DATETOURNEE,ETAT,NOIMMATRIC,NOEMPLOYE)
VALUES (4,'14/10/2018','','658DEC59',2);
INSERT INTO Tournee(NOTOURNEE,DATETOURNEE,ETAT,NOIMMATRIC,NOEMPLOYE)
VALUES (4,'14/10/2018','','632BRL59',1);
INSERT INTO Tournee(NOTOURNEE,DATETOURNEE,ETAT,NOIMMATRIC,NOEMPLOYE)
VALUES (4,'14/10/2018','','102YEK59',4);
INSERT INTO Tournee(NOTOURNEE,DATETOURNEE,ETAT,NOIMMATRIC,NOEMPLOYE)
VALUES (4,'21/10/2018','','688BRF59',6);
INSERT INTO Tournee(NOTOURNEE,DATETOURNEE,ETAT,NOIMMATRIC,NOEMPLOYE)
VALUES (4,'21/10/2018','','156KLA59',7);
INSERT INTO Tournee(NOTOURNEE,DATETOURNEE,ETAT,NOIMMATRIC,NOEMPLOYE)
VALUES (4,'21/10/2018','','221REN59',3);
-- Paris
INSERT INTO Tournee(NOTOURNEE,DATETOURNEE,ETAT,NOIMMATRIC,NOEMPLOYE)
VALUES (1,'03/09/2018','','236CKV95',1);
INSERT INTO Tournee(NOTOURNEE,DATETOURNEE,ETAT,NOIMMATRIC,NOEMPLOYE)
VALUES (1,'03/09/2018','','257DEF95',2);
INSERT INTO Tournee(NOTOURNEE,DATETOURNEE,ETAT,NOIMMATRIC,NOEMPLOYE)
VALUES (1,'03/09/2018','','357BAS95',3);
INSERT INTO Tournee(NOTOURNEE,DATETOURNEE,ETAT,NOIMMATRIC,NOEMPLOYE)
VALUES (1,'03/09/2018','','763OPE95',4);
INSERT INTO Tournee(NOTOURNEE,DATETOURNEE,ETAT,NOIMMATRIC,NOEMPLOYE)
VALUES (1,'03/09/2018','','124FAK95',5);
INSERT INTO Tournee(NOTOURNEE,DATETOURNEE,ETAT,NOIMMATRIC,NOEMPLOYE)
VALUES (1,'03/09/2018','','658SQL95',6);
INSERT INTO Tournee(NOTOURNEE,DATETOURNEE,ETAT,NOIMMATRIC,NOEMPLOYE)
VALUES (1,'03/09/2018','','532DFC95',7);
INSERT INTO Tournee(NOTOURNEE,DATETOURNEE,ETAT,NOIMMATRIC,NOEMPLOYE)
VALUES (1,'20/09/2018','','257DEF95',1);
INSERT INTO Tournee(NOTOURNEE,DATETOURNEE,ETAT,NOIMMATRIC,NOEMPLOYE)
VALUES (1,'20/09/2018','','357BAS95',2);
INSERT INTO Tournee(NOTOURNEE,DATETOURNEE,ETAT,NOIMMATRIC,NOEMPLOYE)
VALUES (1,'20/09/2018','','763OPE95',3);
INSERT INTO Tournee(NOTOURNEE,DATETOURNEE,ETAT,NOIMMATRIC,NOEMPLOYE)
VALUES (1,'20/09/2018','','124FAK95',4);
INSERT INTO Tournee(NOTOURNEE,DATETOURNEE,ETAT,NOIMMATRIC,NOEMPLOYE)
VALUES (1,'21/09/2018','','658SQL95',6);
INSERT INTO Tournee(NOTOURNEE,DATETOURNEE,ETAT,NOIMMATRIC,NOEMPLOYE)
VALUES (1,'21/09/2018','','532DFC95',7);
INSERT INTO Tournee(NOTOURNEE,DATETOURNEE,ETAT,NOIMMATRIC,NOEMPLOYE)
VALUES (1,'27/09/2018','','257DEF95',7);
INSERT INTO Tournee(NOTOURNEE,DATETOURNEE,ETAT,NOIMMATRIC,NOEMPLOYE)
VALUES (1,'27/09/2018','','357BAS95',5);
INSERT INTO Tournee(NOTOURNEE,DATETOURNEE,ETAT,NOIMMATRIC,NOEMPLOYE)
VALUES (1,'27/09/2018','','763OPE95',3);
INSERT INTO Tournee(NOTOURNEE,DATETOURNEE,ETAT,NOIMMATRIC,NOEMPLOYE)
VALUES (1,'30/09/2018','','124FAK95',2);
INSERT INTO Tournee(NOTOURNEE,DATETOURNEE,ETAT,NOIMMATRIC,NOEMPLOYE)
VALUES (1,'30/09/2018','','658SQL95',1);
INSERT INTO Tournee(NOTOURNEE,DATETOURNEE,ETAT,NOIMMATRIC,NOEMPLOYE)
VALUES (1,'30/09/2018','','532DFC95',4);
INSERT INTO Tournee(NOTOURNEE,DATETOURNEE,ETAT,NOIMMATRIC,NOEMPLOYE)
VALUES (1,'04/10/2018','','257DEF95',4);
INSERT INTO Tournee(NOTOURNEE,DATETOURNEE,ETAT,NOIMMATRIC,NOEMPLOYE)
VALUES (1,'04/10/2018','','357BAS95',6);
INSERT INTO Tournee(NOTOURNEE,DATETOURNEE,ETAT,NOIMMATRIC,NOEMPLOYE)
VALUES (1,'10/10/2018','','763OPE95',7);
INSERT INTO Tournee(NOTOURNEE,DATETOURNEE,ETAT,NOIMMATRIC,NOEMPLOYE)
VALUES (1,'10/10/2018','','124FAK95',5);
INSERT INTO Tournee(NOTOURNEE,DATETOURNEE,ETAT,NOIMMATRIC,NOEMPLOYE)
VALUES (1,'10/10/2018','','658SQL95',3);
INSERT INTO Tournee(NOTOURNEE,DATETOURNEE,ETAT,NOIMMATRIC,NOEMPLOYE)
VALUES (1,'10/10/2018','','532DFC95',2);
INSERT INTO Tournee(NOTOURNEE,DATETOURNEE,ETAT,NOIMMATRIC,NOEMPLOYE)
VALUES (1,'15/10/2018','','257DEF95',2);
INSERT INTO Tournee(NOTOURNEE,DATETOURNEE,ETAT,NOIMMATRIC,NOEMPLOYE)
VALUES (1,'15/10/2018','','357BAS95',1);
INSERT INTO Tournee(NOTOURNEE,DATETOURNEE,ETAT,NOIMMATRIC,NOEMPLOYE)
VALUES (1,'15/10/2018','','763OPE95',4);
INSERT INTO Tournee(NOTOURNEE,DATETOURNEE,ETAT,NOIMMATRIC,NOEMPLOYE)
VALUES (1,'20/10/2018','','124FAK95',6);
INSERT INTO Tournee(NOTOURNEE,DATETOURNEE,ETAT,NOIMMATRIC,NOEMPLOYE)
VALUES (1,'20/10/2018','','658SQL95',7);
INSERT INTO Tournee(NOTOURNEE,DATETOURNEE,ETAT,NOIMMATRIC,NOEMPLOYE)
VALUES (1,'20/10/2018','','532DFC95',3);


-- DEMANDE
-- Lille
INSERT INTO DEMANDE(NODEMANDE,DATEDEMANDE,DATEENLEVEMENT,SIRET,NOTOURNEE,WEB_O_N,NOSITE)
VALUES (0,'24/08/2018','01/09/2018',123451320010012,1,NULL,1);
INSERT INTO DEMANDE(NODEMANDE,DATEDEMANDE,DATEENLEVEMENT,SIRET,NOTOURNEE,WEB_O_N,NOSITE)
VALUES (0,'22/08/2018','01/09/2018',024565590120057,1,NULL,1);
INSERT INTO DEMANDE(NODEMANDE,DATEDEMANDE,DATEENLEVEMENT,SIRET,NOTOURNEE,WEB_O_N,NOSITE)
VALUES (0,'23/08/2018','01/09/2018',345655671230029,1,NULL,1);
INSERT INTO DEMANDE(NODEMANDE,DATEDEMANDE,DATEENLEVEMENT,SIRET,NOTOURNEE,WEB_O_N,NOSITE)
VALUES (0,'14/08/2018','24/08/2018',123487583650015,2,NULL,1);
INSERT INTO DEMANDE(NODEMANDE,DATEDEMANDE,DATEENLEVEMENT,SIRET,NOTOURNEE,WEB_O_N,NOSITE)
VALUES (0,'15/08/2018','25/08/2018',056483328350015,2,NULL,1);
INSERT INTO DEMANDE(NODEMANDE,DATEDEMANDE,DATEENLEVEMENT,SIRET,NOTOURNEE,WEB_O_N,NOSITE)
VALUES (0,'09/08/2018','20/08/2018',125879255760011,3,NULL,1);
INSERT INTO DEMANDE(NODEMANDE,DATEDEMANDE,DATEENLEVEMENT,SIRET,NOTOURNEE,WEB_O_N,NOSITE)
VALUES (0,'10/08/2018','20/08/2018',564712357860012,3,NULL,1);
INSERT INTO DEMANDE(NODEMANDE,DATEDEMANDE,DATEENLEVEMENT,SIRET,NOTOURNEE,WEB_O_N,NOSITE)
VALUES (0,'11/08/2018','15/08/2019',546258732150011,4,NULL,1);
INSERT INTO DEMANDE(NODEMANDE,DATEDEMANDE,DATEENLEVEMENT,SIRET,NOTOURNEE,WEB_O_N,NOSITE)
VALUES (0,'12/08/2018','15/08/2019',235463322450016,4,NULL,1);
INSERT INTO DEMANDE(NODEMANDE,DATEDEMANDE,DATEENLEVEMENT,SIRET,NOTOURNEE,WEB_O_N,NOSITE)
VALUES (0,'13/08/2018','16/08/2019',554821876540036,4,NULL,1);
INSERT INTO DEMANDE(NODEMANDE,DATEDEMANDE,DATEENLEVEMENT,SIRET,NOTOURNEE,WEB_O_N,NOSITE)
VALUES (0,'13/08/2018','16/08/2019',123451320010012,4,NULL,1);
INSERT INTO DEMANDE(NODEMANDE,DATEDEMANDE,DATEENLEVEMENT,SIRET,NOTOURNEE,WEB_O_N,NOSITE)
VALUES (0,'09/08/2018','14/08/2018',024565590120057,5,NULL,1);
INSERT INTO DEMANDE(NODEMANDE,DATEDEMANDE,DATEENLEVEMENT,SIRET,NOTOURNEE,WEB_O_N,NOSITE)
VALUES (0,'09/08/2018','13/08/2018',345655671230029,5,NULL,1);
INSERT INTO DEMANDE(NODEMANDE,DATEDEMANDE,DATEENLEVEMENT,SIRET,NOTOURNEE,WEB_O_N,NOSITE)
VALUES (0,'04/08/2018','10/08/2018',123487583650015,6,NULL,1);
INSERT INTO DEMANDE(NODEMANDE,DATEDEMANDE,DATEENLEVEMENT,SIRET,NOTOURNEE,WEB_O_N,NOSITE)
VALUES (0,'04/08/2018','10/08/2018',056483328350015,6,NULL,1);
INSERT INTO DEMANDE(NODEMANDE,DATEDEMANDE,DATEENLEVEMENT,SIRET,NOTOURNEE,WEB_O_N,NOSITE)
VALUES (0,'04/08/2018','20/08/2018',125879255760011,7,NULL,1);
INSERT INTO DEMANDE(NODEMANDE,DATEDEMANDE,DATEENLEVEMENT,SIRET,NOTOURNEE,WEB_O_N,NOSITE)
VALUES (0,'04/08/2018','20/08/2018',564712357860012,7,NULL,1);
INSERT INTO DEMANDE(NODEMANDE,DATEDEMANDE,DATEENLEVEMENT,SIRET,NOTOURNEE,WEB_O_N,NOSITE)
VALUES (0,'03/09/2018','20/09/2018',546258732150011,1,NULL,1);
INSERT INTO DEMANDE(NODEMANDE,DATEDEMANDE,DATEENLEVEMENT,SIRET,NOTOURNEE,WEB_O_N,NOSITE)
VALUES (0,'03/09/2018','17/09/2018',235463322450016,2,NULL,1);
INSERT INTO DEMANDE(NODEMANDE,DATEDEMANDE,DATEENLEVEMENT,SIRET,NOTOURNEE,WEB_O_N,NOSITE)
VALUES (0,'03/09/2018','20/09/2018',554821876540036,3,NULL,1);
INSERT INTO DEMANDE(NODEMANDE,DATEDEMANDE,DATEENLEVEMENT,SIRET,NOTOURNEE,WEB_O_N,NOSITE)
VALUES (0,'03/09/2018','20/09/2018',123451320010012,4,NULL,1);
INSERT INTO DEMANDE(NODEMANDE,DATEDEMANDE,DATEENLEVEMENT,SIRET,NOTOURNEE,WEB_O_N,NOSITE)
VALUES (0,'12/09/2018','20/09/2018',123487583650015,6,NULL,1);
INSERT INTO DEMANDE(NODEMANDE,DATEDEMANDE,DATEENLEVEMENT,SIRET,NOTOURNEE,WEB_O_N,NOSITE)
VALUES (0,'12/09/2018','20/09/2018',235463322450016,7,NULL,1);
INSERT INTO DEMANDE(NODEMANDE,DATEDEMANDE,DATEENLEVEMENT,SIRET,NOTOURNEE,WEB_O_N,NOSITE)
VALUES (0,'16/09/2018','24/09/2018',123451320010012,7,NULL,1);
INSERT INTO DEMANDE(NODEMANDE,DATEDEMANDE,DATEENLEVEMENT,SIRET,NOTOURNEE,WEB_O_N,NOSITE)
VALUES (0,'15/09/2018','24/09/2018',345655671230029,5,NULL,1);
INSERT INTO DEMANDE(NODEMANDE,DATEDEMANDE,DATEENLEVEMENT,SIRET,NOTOURNEE,WEB_O_N,NOSITE)
VALUES (0,'16/09/2018','28/09/2018',056483328350015,3,NULL,1);
INSERT INTO DEMANDE(NODEMANDE,DATEDEMANDE,DATEENLEVEMENT,SIRET,NOTOURNEE,WEB_O_N,NOSITE)
VALUES (0,'20/09/2018','28/09/2018',554821876540036,2,NULL,1);
INSERT INTO DEMANDE(NODEMANDE,DATEDEMANDE,DATEENLEVEMENT,SIRET,NOTOURNEE,WEB_O_N,NOSITE)
VALUES (0,'21/09/2018','30/09/2018',235463322450016,1,NULL,1);
INSERT INTO DEMANDE(NODEMANDE,DATEDEMANDE,DATEENLEVEMENT,SIRET,NOTOURNEE,WEB_O_N,NOSITE)
VALUES (0,'22/09/2018','30/09/2018',546258732150011,4,NULL,1);
INSERT INTO DEMANDE(NODEMANDE,DATEDEMANDE,DATEENLEVEMENT,SIRET,NOTOURNEE,WEB_O_N,NOSITE)
VALUES (0,'28/09/2018','01/10/2018',564712357860012,4,NULL,1);
INSERT INTO DEMANDE(NODEMANDE,DATEDEMANDE,DATEENLEVEMENT,SIRET,NOTOURNEE,WEB_O_N,NOSITE)
VALUES (0,'02/10/2018','05/10/2018',125879255760011,6,NULL,1);
INSERT INTO DEMANDE(NODEMANDE,DATEDEMANDE,DATEENLEVEMENT,SIRET,NOTOURNEE,WEB_O_N,NOSITE)
VALUES (0,'03/10/2018','12/10/2018',056483328350015,7,NULL,1);
INSERT INTO DEMANDE(NODEMANDE,DATEDEMANDE,DATEENLEVEMENT,SIRET,NOTOURNEE,WEB_O_N,NOSITE)
VALUES (0,'03/10/2018','12/10/2018',123487583650015,5,NULL,1);
INSERT INTO DEMANDE(NODEMANDE,DATEDEMANDE,DATEENLEVEMENT,SIRET,NOTOURNEE,WEB_O_N,NOSITE)
VALUES (0,'04/10/2018','10/10/2018',345655671230029,3,NULL,1);
INSERT INTO DEMANDE(NODEMANDE,DATEDEMANDE,DATEENLEVEMENT,SIRET,NOTOURNEE,WEB_O_N,NOSITE)
VALUES (0,'04/10/2018','10/10/2018',024565590120057,2,NULL,1);
INSERT INTO DEMANDE(NODEMANDE,DATEDEMANDE,DATEENLEVEMENT,SIRET,NOTOURNEE,WEB_O_N,NOSITE)
VALUES (0,'10/10/2018','15/10/2018',123451320010012,2,NULL,1);
INSERT INTO DEMANDE(NODEMANDE,DATEDEMANDE,DATEENLEVEMENT,SIRET,NOTOURNEE,WEB_O_N,NOSITE)
VALUES (0,'10/10/2018','15/10/2018',554821876540036,1,NULL,1);
INSERT INTO DEMANDE(NODEMANDE,DATEDEMANDE,DATEENLEVEMENT,SIRET,NOTOURNEE,WEB_O_N,NOSITE)
VALUES (0,'12/10/2018','18/10/2018',024565590120057,4,NULL,1);
INSERT INTO DEMANDE(NODEMANDE,DATEDEMANDE,DATEENLEVEMENT,SIRET,NOTOURNEE,WEB_O_N,NOSITE)
VALUES (0,'14/10/2018','20/10/2018',056483328350015,6,NULL,1);
INSERT INTO DEMANDE(NODEMANDE,DATEDEMANDE,DATEENLEVEMENT,SIRET,NOTOURNEE,WEB_O_N,NOSITE)
VALUES (0,'15/10/2018','20/10/2018',564712357860012,7,NULL,1);
INSERT INTO DEMANDE(NODEMANDE,DATEDEMANDE,DATEENLEVEMENT,SIRET,NOTOURNEE,WEB_O_N,NOSITE)
VALUES (0,'14/10/2018','20/10/2018',235463322450016,3,NULL,1);
INSERT INTO DEMANDE(NODEMANDE,DATEDEMANDE,DATEENLEVEMENT,SIRET,NOTOURNEE,WEB_O_N,NOSITE)
VALUES (0,'09/11/2018','15/11/2018',125879255760011,NULL,NULL,1);
INSERT INTO DEMANDE(NODEMANDE,DATEDEMANDE,DATEENLEVEMENT,SIRET,NOTOURNEE,WEB_O_N,NOSITE)
VALUES (0,'10/11/2018','15/11/2018',056483328350015,0,NULL,NULL,1);
-- paris
INSERT INTO DEMANDE(NODEMANDE,DATEDEMANDE,DATEENLEVEMENT,WEB_O_N,SIRET,NOTOURNEE,NOSITE)
VALUES (0,'25/08/2018','01/09/2018','N',12345678900001,1,2);
INSERT INTO DEMANDE(NODEMANDE,DATEDEMANDE,DATEENLEVEMENT,WEB_O_N,SIRET,NOTOURNEE,NOSITE)
VALUES (0,'23/08/2018','01/09/2018','N',48334367900013,1,2);
INSERT INTO DEMANDE(NODEMANDE,DATEDEMANDE,DATEENLEVEMENT,WEB_O_N,SIRET,NOTOURNEE,NOSITE)
VALUES (0,'23/08/2018','01/09/2018','N',33364631300010,1,2);
INSERT INTO DEMANDE(NODEMANDE,DATEDEMANDE,DATEENLEVEMENT,WEB_O_N,SIRET,NOTOURNEE,NOSITE)
VALUES (0,'15/08/2018','25/08/2018','O',38310924600025,2,2);
INSERT INTO DEMANDE(NODEMANDE,DATEDEMANDE,DATEENLEVEMENT,WEB_O_N,SIRET,NOTOURNEE,NOSITE)
VALUES (0,'15/08/2018','26/08/2018','N',41167102700059,2,2);
INSERT INTO DEMANDE(NODEMANDE,DATEDEMANDE,DATEENLEVEMENT,WEB_O_N,SIRET,NOTOURNEE,NOSITE)
VALUES (0,'10/08/2018','20/08/2018','O',38238166300014,3,2);
INSERT INTO DEMANDE(NODEMANDE,DATEDEMANDE,DATEENLEVEMENT,WEB_O_N,SIRET,NOTOURNEE,NOSITE)
VALUES (0,'10/08/2018','18/08/2018','O',41167102700059,3,2);
INSERT INTO DEMANDE(NODEMANDE,DATEDEMANDE,DATEENLEVEMENT,WEB_O_N,SIRET,NOTOURNEE,NOSITE)
VALUES (0,'12/08/2018','16/08/2019','N',38219696200064,4,2);
INSERT INTO DEMANDE(NODEMANDE,DATEDEMANDE,DATEENLEVEMENT,WEB_O_N,SIRET,NOTOURNEE,NOSITE)
VALUES (0,'12/08/2018','15/08/2019','O',42382805200013,4,2);
INSERT INTO DEMANDE(NODEMANDE,DATEDEMANDE,DATEENLEVEMENT,WEB_O_N,SIRET,NOTOURNEE,NOSITE)
VALUES (0,'13/08/2018','16/08/2019','O',33041607400038,4,2);
INSERT INTO DEMANDE(NODEMANDE,DATEDEMANDE,DATEENLEVEMENT,WEB_O_N,SIRET,NOTOURNEE,NOSITE)
VALUES (0,'13/08/2018','17/08/2019','N',38221444300014,4,2);
INSERT INTO DEMANDE(NODEMANDE,DATEDEMANDE,DATEENLEVEMENT,WEB_O_N,SIRET,NOTOURNEE,NOSITE)
VALUES (0,'08/08/2018','12/08/2018','N',12345678900001,5,2);
INSERT INTO DEMANDE(NODEMANDE,DATEDEMANDE,DATEENLEVEMENT,WEB_O_N,SIRET,NOTOURNEE,NOSITE)
VALUES (0,'08/08/2018','13/08/2018','N',48334367900013,5,2);
INSERT INTO DEMANDE(NODEMANDE,DATEDEMANDE,DATEENLEVEMENT,WEB_O_N,SIRET,NOTOURNEE,NOSITE)
VALUES (0,'03/08/2018','10/08/2018','O',34567890120003,6,2);
INSERT INTO DEMANDE(NODEMANDE,DATEDEMANDE,DATEENLEVEMENT,WEB_O_N,SIRET,NOTOURNEE,NOSITE)
VALUES (0,'03/08/2018','10/08/2018','O',23456789010002,6,2);
INSERT INTO DEMANDE(NODEMANDE,DATEDEMANDE,DATEENLEVEMENT,WEB_O_N,SIRET,NOTOURNEE,NOSITE)
VALUES (0,'03/08/2018','16/08/2018','N',38219696200064,7,2);
INSERT INTO DEMANDE(NODEMANDE,DATEDEMANDE,DATEENLEVEMENT,WEB_O_N,SIRET,NOTOURNEE,NOSITE)
VALUES (0,'03/08/2018','16/08/2018','N',42382805200013,7,2);
INSERT INTO DEMANDE(NODEMANDE,DATEDEMANDE,DATEENLEVEMENT,WEB_O_N,SIRET,NOTOURNEE,NOSITE)
VALUES (0,'02/09/2018','20/09/2018','N',38219696200064,1,2);
INSERT INTO DEMANDE(NODEMANDE,DATEDEMANDE,DATEENLEVEMENT,WEB_O_N,SIRET,NOTOURNEE,NOSITE)
VALUES (0,'02/09/2018','15/09/2018','N',38248452500037,2,2);
INSERT INTO DEMANDE(NODEMANDE,DATEDEMANDE,DATEENLEVEMENT,WEB_O_N,SIRET,NOTOURNEE,NOSITE)
VALUES (0,'02/09/2018','15/09/2018','N',33364631300010,3,2);
INSERT INTO DEMANDE(NODEMANDE,DATEDEMANDE,DATEENLEVEMENT,WEB_O_N,SIRET,NOTOURNEE,NOSITE)
VALUES (0,'02/09/2018','20/09/2018','N',38238166300014,4,2);
INSERT INTO DEMANDE(NODEMANDE,DATEDEMANDE,DATEENLEVEMENT,WEB_O_N,SIRET,NOTOURNEE,NOSITE)
VALUES (0,'11/09/2018','20/09/2018','O',39116278100044,6,2);
INSERT INTO DEMANDE(NODEMANDE,DATEDEMANDE,DATEENLEVEMENT,WEB_O_N,SIRET,NOTOURNEE,NOSITE)
VALUES (0,'11/09/2018','21/09/2018','O',38221444300014,7,2);
INSERT INTO DEMANDE(NODEMANDE,DATEDEMANDE,DATEENLEVEMENT,WEB_O_N,SIRET,NOTOURNEE,NOSITE)
VALUES (0,'17/09/2018','25/09/2018','O',48334367900013,7,2);
INSERT INTO DEMANDE(NODEMANDE,DATEDEMANDE,DATEENLEVEMENT,WEB_O_N,SIRET,NOTOURNEE,NOSITE)
VALUES (0,'17/09/2018','25/09/2018','N',39116278100044,5,2);
INSERT INTO DEMANDE(NODEMANDE,DATEDEMANDE,DATEENLEVEMENT,WEB_O_N,SIRET,NOTOURNEE,NOSITE)
VALUES (0,'17/09/2018','27/09/2018','N',38310924600025,3,2);
INSERT INTO DEMANDE(NODEMANDE,DATEDEMANDE,DATEENLEVEMENT,WEB_O_N,SIRET,NOTOURNEE,NOSITE)
VALUES (0,'20/09/2018','30/09/2018','N',42382805200013,2,2);
INSERT INTO DEMANDE(NODEMANDE,DATEDEMANDE,DATEENLEVEMENT,WEB_O_N,SIRET,NOTOURNEE,NOSITE)
VALUES (0,'20/09/2018','30/09/2018','N',39116278100044,1,2);
INSERT INTO DEMANDE(NODEMANDE,DATEDEMANDE,DATEENLEVEMENT,WEB_O_N,SIRET,NOTOURNEE,NOSITE)
VALUES (0,'20/09/2018','30/09/2018','O',38221444300014,4,2);
INSERT INTO DEMANDE(NODEMANDE,DATEDEMANDE,DATEENLEVEMENT,WEB_O_N,SIRET,NOTOURNEE,NOSITE)
VALUES (0,'28/09/2018','01/10/2018','N',38219696200064,4,2);
INSERT INTO DEMANDE(NODEMANDE,DATEDEMANDE,DATEENLEVEMENT,WEB_O_N,SIRET,NOTOURNEE,NOSITE)
VALUES (0,'01/10/2018','04/10/2018','N',38248452500037,6,2);
INSERT INTO DEMANDE(NODEMANDE,DATEDEMANDE,DATEENLEVEMENT,WEB_O_N,SIRET,NOTOURNEE,NOSITE)
VALUES (0,'02/10/2018','10/10/2018','N',12345678900001,7,2);
INSERT INTO DEMANDE(NODEMANDE,DATEDEMANDE,DATEENLEVEMENT,WEB_O_N,SIRET,NOTOURNEE,NOSITE)
VALUES (0,'02/10/2018','10/10/2018','N',34567890120003,5,2);
INSERT INTO DEMANDE(NODEMANDE,DATEDEMANDE,DATEENLEVEMENT,WEB_O_N,SIRET,NOTOURNEE,NOSITE)
VALUES (0,'04/10/2018','10/10/2018','O',39116278100044,3,2);
INSERT INTO DEMANDE(NODEMANDE,DATEDEMANDE,DATEENLEVEMENT,WEB_O_N,SIRET,NOTOURNEE,NOSITE)
VALUES (0,'04/10/2018','10/10/2018','O',38221444300014,2,2);
INSERT INTO DEMANDE(NODEMANDE,DATEDEMANDE,DATEENLEVEMENT,WEB_O_N,SIRET,NOTOURNEE,NOSITE)
VALUES (0,'09/10/2018','15/10/2018','N',38238166300014,2,2);
INSERT INTO DEMANDE(NODEMANDE,DATEDEMANDE,DATEENLEVEMENT,WEB_O_N,SIRET,NOTOURNEE,NOSITE)
VALUES (0,'10/10/2018','15/10/2018','N',38221444300014,1,2);
INSERT INTO DEMANDE(NODEMANDE,DATEDEMANDE,DATEENLEVEMENT,WEB_O_N,SIRET,NOTOURNEE,NOSITE)
VALUES (0,'11/10/2018','15/10/2018','O',33041607400038,4,2);
INSERT INTO DEMANDE(NODEMANDE,DATEDEMANDE,DATEENLEVEMENT,WEB_O_N,SIRET,NOTOURNEE,NOSITE)
VALUES (0,'14/10/2018','20/10/2018','N',41167102700059,6,2);
INSERT INTO DEMANDE(NODEMANDE,DATEDEMANDE,DATEENLEVEMENT,WEB_O_N,SIRET,NOTOURNEE,NOSITE)
VALUES (0,'15/10/2018','20/10/2018','N',38248452500037,7,2);
INSERT INTO DEMANDE(NODEMANDE,DATEDEMANDE,DATEENLEVEMENT,WEB_O_N,SIRET,NOTOURNEE,NOSITE)
VALUES (0,'14/10/2018','20/10/2018','O',38238166300014,3,2);
INSERT INTO DEMANDE(NODEMANDE,DATEDEMANDE,DATEENLEVEMENT,WEB_O_N,SIRET,NOTOURNEE,NOSITE)
VALUES (0,'10/11/2018','16/11/2018','N',39116278100044,NULL,2);
INSERT INTO DEMANDE(NODEMANDE,DATEDEMANDE,DATEENLEVEMENT,WEB_O_N,SIRET,NOTOURNEE,NOSITE)
VALUES (0,'10/11/2018','16/11/2018','N',33364631300010,NULL,2);


-- DETAILDEMANDE
-- Lille
INSERT INTO DETAILDEMANDE(QUANTITEENLEVEE,REMARQUE,NODEMANDE,NOTYPEDECHET)
VALUES (100,'',1,1);
INSERT INTO DETAILDEMANDE(QUANTITEENLEVEE,REMARQUE,NODEMANDE,NOTYPEDECHET)
VALUES (50,'',1,2);
INSERT INTO DETAILDEMANDE(QUANTITEENLEVEE,REMARQUE,NODEMANDE,NOTYPEDECHET)
VALUES (150,'Urgent',2,2);
INSERT INTO DETAILDEMANDE(QUANTITEENLEVEE,REMARQUE,NODEMANDE,NOTYPEDECHET)
VALUES (20,'',3,6);
INSERT INTO DETAILDEMANDE(QUANTITEENLEVEE,REMARQUE,NODEMANDE,NOTYPEDECHET)
VALUES (55,'',4,1);
INSERT INTO DETAILDEMANDE(QUANTITEENLEVEE,REMARQUE,NODEMANDE,NOTYPEDECHET)
VALUES (10,'',5,12);
INSERT INTO DETAILDEMANDE(QUANTITEENLEVEE,REMARQUE,NODEMANDE,NOTYPEDECHET)
VALUES (15,'',6,12);
INSERT INTO DETAILDEMANDE(QUANTITEENLEVEE,REMARQUE,NODEMANDE,NOTYPEDECHET)
VALUES (65,'',6,1);
INSERT INTO DETAILDEMANDE(QUANTITEENLEVEE,REMARQUE,NODEMANDE,NOTYPEDECHET)
VALUES (40,'',7,2);
INSERT INTO DETAILDEMANDE(QUANTITEENLEVEE,REMARQUE,NODEMANDE,NOTYPEDECHET)
VALUES (80,'',8,1);
INSERT INTO DETAILDEMANDE(QUANTITEENLEVEE,REMARQUE,NODEMANDE,NOTYPEDECHET)
VALUES (20,'',9,6);
INSERT INTO DETAILDEMANDE(QUANTITEENLEVEE,REMARQUE,NODEMANDE,NOTYPEDECHET)
VALUES (50,'',10,3);
INSERT INTO DETAILDEMANDE(QUANTITEENLEVEE,REMARQUE,NODEMANDE,NOTYPEDECHET)
VALUES (50,'',11,1);
INSERT INTO DETAILDEMANDE(QUANTITEENLEVEE,REMARQUE,NODEMANDE,NOTYPEDECHET)
VALUES (10,'',12,6);
INSERT INTO DETAILDEMANDE(QUANTITEENLEVEE,REMARQUE,NODEMANDE,NOTYPEDECHET)
VALUES (20,'Grosses plaques de métal',13,7);
INSERT INTO DETAILDEMANDE(QUANTITEENLEVEE,REMARQUE,NODEMANDE,NOTYPEDECHET)
VALUES (50,'',14,1);
INSERT INTO DETAILDEMANDE(QUANTITEENLEVEE,REMARQUE,NODEMANDE,NOTYPEDECHET)
VALUES (10,'Plusieurs objets métaliques',15,7);
INSERT INTO DETAILDEMANDE(QUANTITEENLEVEE,REMARQUE,NODEMANDE,NOTYPEDECHET)
VALUES (50,'Huile essentiellement',16,11);
INSERT INTO DETAILDEMANDE(QUANTITEENLEVEE,REMARQUE,NODEMANDE,NOTYPEDECHET)
VALUES (30,'Néons et autres',17,4);
INSERT INTO DETAILDEMANDE(QUANTITEENLEVEE,REMARQUE,NODEMANDE,NOTYPEDECHET)
VALUES (30,,18,2);
INSERT INTO DETAILDEMANDE(QUANTITEENLEVEE,REMARQUE,NODEMANDE,NOTYPEDECHET)
VALUES (50,'Branchages',18,8);
INSERT INTO DETAILDEMANDE(QUANTITEENLEVEE,REMARQUE,NODEMANDE,NOTYPEDECHET)
VALUES (60,'',18,12);
INSERT INTO DETAILDEMANDE(QUANTITEENLEVEE,REMARQUE,NODEMANDE,NOTYPEDECHET)
VALUES (60,'',19,1);
INSERT INTO DETAILDEMANDE(QUANTITEENLEVEE,REMARQUE,NODEMANDE,NOTYPEDECHET)
VALUES (100,'',20,2);
INSERT INTO DETAILDEMANDE(QUANTITEENLEVEE,REMARQUE,NODEMANDE,NOTYPEDECHET)
VALUES (50,'Fils et déchets métaliques',20,7);
INSERT INTO DETAILDEMANDE(QUANTITEENLEVEE,REMARQUE,NODEMANDE,NOTYPEDECHET)
VALUES (50,'',21,2);
INSERT INTO DETAILDEMANDE(QUANTITEENLEVEE,REMARQUE,NODEMANDE,NOTYPEDECHET)
VALUES (14,'',22,6);
INSERT INTO DETAILDEMANDE(QUANTITEENLEVEE,REMARQUE,NODEMANDE,NOTYPEDECHET)
VALUES (70,'',23,7);
INSERT INTO DETAILDEMANDE(QUANTITEENLEVEE,REMARQUE,NODEMANDE,NOTYPEDECHET)
VALUES (30,'Incandescant',24,4);
INSERT INTO DETAILDEMANDE(QUANTITEENLEVEE,REMARQUE,NODEMANDE,NOTYPEDECHET)
VALUES (110,'',25,1);
INSERT INTO DETAILDEMANDE(QUANTITEENLEVEE,REMARQUE,NODEMANDE,NOTYPEDECHET)
VALUES (80,'',26,1);
INSERT INTO DETAILDEMANDE(QUANTITEENLEVEE,REMARQUE,NODEMANDE,NOTYPEDECHET)
VALUES (30,'Pots de peinture',27,11);
INSERT INTO DETAILDEMANDE(QUANTITEENLEVEE,REMARQUE,NODEMANDE,NOTYPEDECHET)
VALUES (60,'',28,2);
INSERT INTO DETAILDEMANDE(QUANTITEENLEVEE,REMARQUE,NODEMANDE,NOTYPEDECHET)
VALUES (50,'',29,7);
INSERT INTO DETAILDEMANDE(QUANTITEENLEVEE,REMARQUE,NODEMANDE,NOTYPEDECHET)
VALUES (40,'',30,4);
INSERT INTO DETAILDEMANDE(QUANTITEENLEVEE,REMARQUE,NODEMANDE,NOTYPEDECHET)
VALUES (40,'Branches coupées',31,8);
INSERT INTO DETAILDEMANDE(QUANTITEENLEVEE,REMARQUE,NODEMANDE,NOTYPEDECHET)
VALUES (40,'Plaques de fer',32,7);
INSERT INTO DETAILDEMANDE(QUANTITEENLEVEE,REMARQUE,NODEMANDE,NOTYPEDECHET)
VALUES (50,'',33,6);
INSERT INTO DETAILDEMANDE(QUANTITEENLEVEE,REMARQUE,NODEMANDE,NOTYPEDECHET)
VALUES (20,'',34,12);
INSERT INTO DETAILDEMANDE(QUANTITEENLEVEE,REMARQUE,NODEMANDE,NOTYPEDECHET)
VALUES (30,'Peinture',35,11);
INSERT INTO DETAILDEMANDE(QUANTITEENLEVEE,REMARQUE,NODEMANDE,NOTYPEDECHET)
VALUES (25,'Peinture + huile',36,11);
INSERT INTO DETAILDEMANDE(QUANTITEENLEVEE,REMARQUE,NODEMANDE,NOTYPEDECHET)
VALUES (55,'',37,4);
INSERT INTO DETAILDEMANDE(QUANTITEENLEVEE,REMARQUE,NODEMANDE,NOTYPEDECHET)
VALUES (60,'led et incandescant',38,4);
INSERT INTO DETAILDEMANDE(QUANTITEENLEVEE,REMARQUE,NODEMANDE,NOTYPEDECHET)
VALUES (100,'',39,1);
INSERT INTO DETAILDEMANDE(QUANTITEENLEVEE,REMARQUE,NODEMANDE,NOTYPEDECHET)
VALUES (80,'',40,1);
INSERT INTO DETAILDEMANDE(QUANTITEENLEVEE,REMARQUE,NODEMANDE,NOTYPEDECHET)
VALUES (25,'',41,1);
-- PARIS
INSERT INTO DETAILDEMANDE(QUANTITEENLEVEE,REMARQUE,NODEMANDE,NOTYPEDECHET)
VALUES (120,'',1,1);
INSERT INTO DETAILDEMANDE(QUANTITEENLEVEE,REMARQUE,NODEMANDE,NOTYPEDECHET)
VALUES (50,'',1,2);
INSERT INTO DETAILDEMANDE(QUANTITEENLEVEE,REMARQUE,NODEMANDE,NOTYPEDECHET)
VALUES (50,'',2,2);
INSERT INTO DETAILDEMANDE(QUANTITEENLEVEE,REMARQUE,NODEMANDE,NOTYPEDECHET)
VALUES (15,'',3,6);
INSERT INTO DETAILDEMANDE(QUANTITEENLEVEE,REMARQUE,NODEMANDE,NOTYPEDECHET)
VALUES (55,'',4,1);
INSERT INTO DETAILDEMANDE(QUANTITEENLEVEE,REMARQUE,NODEMANDE,NOTYPEDECHET)
VALUES (10,'',5,12);
INSERT INTO DETAILDEMANDE(QUANTITEENLEVEE,REMARQUE,NODEMANDE,NOTYPEDECHET)
VALUES (12,'',6,12);
INSERT INTO DETAILDEMANDE(QUANTITEENLEVEE,REMARQUE,NODEMANDE,NOTYPEDECHET)
VALUES (100'',,6,1);
INSERT INTO DETAILDEMANDE(QUANTITEENLEVEE,REMARQUE,NODEMANDE,NOTYPEDECHET)
VALUES (20,'',6,2);
INSERT INTO DETAILDEMANDE(QUANTITEENLEVEE,REMARQUE,NODEMANDE,NOTYPEDECHET)
VALUES (50,'',7,2);
INSERT INTO DETAILDEMANDE(QUANTITEENLEVEE,REMARQUE,NODEMANDE,NOTYPEDECHET)
VALUES (60,'',8,1);
INSERT INTO DETAILDEMANDE(QUANTITEENLEVEE,REMARQUE,NODEMANDE,NOTYPEDECHET)
VALUES (10,'',9,6);
INSERT INTO DETAILDEMANDE(QUANTITEENLEVEE,REMARQUE,NODEMANDE,NOTYPEDECHET)
VALUES (50,'',10,3);
INSERT INTO DETAILDEMANDE(QUANTITEENLEVEE,REMARQUE,NODEMANDE,NOTYPEDECHET)
VALUES (50,'',10,2);
INSERT INTO DETAILDEMANDE(QUANTITEENLEVEE,REMARQUE,NODEMANDE,NOTYPEDECHET)
VALUES (60,'',11,1);
INSERT INTO DETAILDEMANDE(QUANTITEENLEVEE,REMARQUE,NODEMANDE,NOTYPEDECHET)
VALUES (10,'',12,6);
INSERT INTO DETAILDEMANDE(QUANTITEENLEVEE,REMARQUE,NODEMANDE,NOTYPEDECHET)
VALUES (20,'',13,7);
INSERT INTO DETAILDEMANDE(QUANTITEENLEVEE,REMARQUE,NODEMANDE,NOTYPEDECHET)
VALUES (50,'',14,1);
INSERT INTO DETAILDEMANDE(QUANTITEENLEVEE,REMARQUE,NODEMANDE,NOTYPEDECHET)
VALUES (60,'',15,2);
INSERT INTO DETAILDEMANDE(QUANTITEENLEVEE,REMARQUE,NODEMANDE,NOTYPEDECHET)
VALUES (20,'',15,7);
INSERT INTO DETAILDEMANDE(QUANTITEENLEVEE,REMARQUE,NODEMANDE,NOTYPEDECHET)
VALUES (55,'',16,11);
INSERT INTO DETAILDEMANDE(QUANTITEENLEVEE,REMARQUE,NODEMANDE,NOTYPEDECHET)
VALUES (20,'',17,4);
INSERT INTO DETAILDEMANDE(QUANTITEENLEVEE,REMARQUE,NODEMANDE,NOTYPEDECHET)
VALUES (20,'',18,2);
INSERT INTO DETAILDEMANDE(QUANTITEENLEVEE,REMARQUE,NODEMANDE,NOTYPEDECHET)
VALUES (50,'',18,8);
INSERT INTO DETAILDEMANDE(QUANTITEENLEVEE,REMARQUE,NODEMANDE,NOTYPEDECHET)
VALUES (60,'',18,12);
INSERT INTO DETAILDEMANDE(QUANTITEENLEVEE,REMARQUE,NODEMANDE,NOTYPEDECHET)
VALUES (100,'',19,1);
INSERT INTO DETAILDEMANDE(QUANTITEENLEVEE,REMARQUE,NODEMANDE,NOTYPEDECHET)
VALUES (200,'',20,2);
INSERT INTO DETAILDEMANDE(QUANTITEENLEVEE,REMARQUE,NODEMANDE,NOTYPEDECHET)
VALUES (50,'',20,7);
INSERT INTO DETAILDEMANDE(QUANTITEENLEVEE,REMARQUE,NODEMANDE,NOTYPEDECHET)
VALUES (60,'',21,2);
INSERT INTO DETAILDEMANDE(QUANTITEENLEVEE,REMARQUE,NODEMANDE,NOTYPEDECHET)
VALUES (12,'',22,6);
INSERT INTO DETAILDEMANDE(QUANTITEENLEVEE,REMARQUE,NODEMANDE,NOTYPEDECHET)
VALUES (50,'',23,7);
INSERT INTO DETAILDEMANDE(QUANTITEENLEVEE,REMARQUE,NODEMANDE,NOTYPEDECHET)
VALUES (20,'',24,4);
INSERT INTO DETAILDEMANDE(QUANTITEENLEVEE,REMARQUE,NODEMANDE,NOTYPEDECHET)
VALUES (120,'',25,1);
INSERT INTO DETAILDEMANDE(QUANTITEENLEVEE,REMARQUE,NODEMANDE,NOTYPEDECHET)
VALUES (100,'',26,1);
INSERT INTO DETAILDEMANDE(QUANTITEENLEVEE,REMARQUE,NODEMANDE,NOTYPEDECHET)
VALUES (20,'',27,11);
INSERT INTO DETAILDEMANDE(QUANTITEENLEVEE,REMARQUE,NODEMANDE,NOTYPEDECHET)
VALUES (80,'',28,2);
INSERT INTO DETAILDEMANDE(QUANTITEENLEVEE,REMARQUE,NODEMANDE,NOTYPEDECHET)
VALUES (50,'',29,7);
INSERT INTO DETAILDEMANDE(QUANTITEENLEVEE,REMARQUE,NODEMANDE,NOTYPEDECHET)
VALUES (60,'',30,4);
INSERT INTO DETAILDEMANDE(QUANTITEENLEVEE,REMARQUE,NODEMANDE,NOTYPEDECHET)
VALUES (40,'',31,8);
INSERT INTO DETAILDEMANDE(QUANTITEENLEVEE,REMARQUE,NODEMANDE,NOTYPEDECHET)
VALUES (50,'',32,7);
INSERT INTO DETAILDEMANDE(QUANTITEENLEVEE,REMARQUE,NODEMANDE,NOTYPEDECHET)
VALUES (20,'',33,6);
INSERT INTO DETAILDEMANDE(QUANTITEENLEVEE,REMARQUE,NODEMANDE,NOTYPEDECHET)
VALUES (20,'',34,12);
INSERT INTO DETAILDEMANDE(QUANTITEENLEVEE,REMARQUE,NODEMANDE,NOTYPEDECHET)
VALUES (30,'',35,11);
INSERT INTO DETAILDEMANDE(QUANTITEENLEVEE,REMARQUE,NODEMANDE,NOTYPEDECHET)
VALUES (15,'',36,11);
INSERT INTO DETAILDEMANDE(QUANTITEENLEVEE,REMARQUE,NODEMANDE,NOTYPEDECHET)
VALUES (55,'',37,4);
INSERT INTO DETAILDEMANDE(QUANTITEENLEVEE,REMARQUE,NODEMANDE,NOTYPEDECHET)
VALUES (60,'',38,4);
INSERT INTO DETAILDEMANDE(QUANTITEENLEVEE,REMARQUE,NODEMANDE,NOTYPEDECHET)
VALUES (100,'',39,1);
INSERT INTO DETAILDEMANDE(QUANTITEENLEVEE,REMARQUE,NODEMANDE,NOTYPEDECHET)
VALUES (120,'',40,1);
INSERT INTO DETAILDEMANDE(QUANTITEENLEVEE,REMARQUE,NODEMANDE,NOTYPEDECHET)
VALUES (15,'',41,1);


-- DETAILDEPOT
-- LILLE
INSERT INTO DETAILDEPOT(QUANTITEDEPOT,NOTOURNEE,NOTYPEDECCHET,NOCENTRE)
VALUES (1,1,1,100);
INSERT INTO DETAILDEPOT(QUANTITEDEPOT,NOTOURNEE,NOTYPEDECCHET,NOCENTRE)
VALUES (290,1,2,1);
INSERT INTO DETAILDEPOT(QUANTITEDEPOT,NOTOURNEE,NOTYPEDECCHET,NOCENTRE)
VALUES (55,1,4,1);
INSERT INTO DETAILDEPOT(QUANTITEDEPOT,NOTOURNEE,NOTYPEDECCHET,NOCENTRE)
VALUES (60,1,12,4);
INSERT INTO DETAILDEPOT(QUANTITEDEPOT,NOTOURNEE,NOTYPEDECCHET,NOCENTRE)
VALUES (50,1,8,4);
INSERT INTO DETAILDEPOT(QUANTITEDEPOT,NOTOURNEE,NOTYPEDECCHET,NOCENTRE)
VALUES (20,1,6,5);
INSERT INTO DETAILDEPOT(QUANTITEDEPOT,NOTOURNEE,NOTYPEDECCHET,NOCENTRE)
VALUES (85,2,11,2);
INSERT INTO DETAILDEPOT(QUANTITEDEPOT,NOTOURNEE,NOTYPEDECCHET,NOCENTRE)
VALUES (115,2,1,2);
INSERT INTO DETAILDEPOT(QUANTITEDEPOT,NOTOURNEE,NOTYPEDECCHET,NOCENTRE)
VALUES (10,2,12,2);
INSERT INTO DETAILDEPOT(QUANTITEDEPOT,NOTOURNEE,NOTYPEDECCHET,NOCENTRE)
VALUES (50,3,7,1 );
INSERT INTO DETAILDEPOT(QUANTITEDEPOT,NOTOURNEE,NOTYPEDECCHET,NOCENTRE)
VALUES (140,3,2,3);
INSERT INTO DETAILDEPOT(QUANTITEDEPOT,NOTOURNEE,NOTYPEDECCHET,NOCENTRE)
VALUES (170,3,1,1);
INSERT INTO DETAILDEPOT(QUANTITEDEPOT,NOTOURNEE,NOTYPEDECCHET,NOCENTRE)
VALUES (35,3,12,3);
INSERT INTO DETAILDEPOT(QUANTITEDEPOT,NOTOURNEE,NOTYPEDECCHET,NOCENTRE)
VALUES (50,4,2,2);
INSERT INTO DETAILDEPOT(QUANTITEDEPOT,NOTOURNEE,NOTYPEDECCHET,NOCENTRE)
VALUES (100,4,4,2);
INSERT INTO DETAILDEPOT(QUANTITEDEPOT,NOTOURNEE,NOTYPEDECCHET,NOCENTRE)
VALUES (130,4,1,2);
INSERT INTO DETAILDEPOT(QUANTITEDEPOT,NOTOURNEE,NOTYPEDECCHET,NOCENTRE)
VALUES (50,4,3,2);
INSERT INTO DETAILDEPOT(QUANTITEDEPOT,NOTOURNEE,NOTYPEDECCHET,NOCENTRE)
VALUES (20,4,6,);
INSERT INTO DETAILDEPOT(QUANTITEDEPOT,NOTOURNEE,NOTYPEDECCHET,NOCENTRE)
VALUES (50,4,7,4);
INSERT INTO DETAILDEPOT(QUANTITEDEPOT,NOTOURNEE,NOTYPEDECCHET,NOCENTRE)
VALUES (20,5,7,3);
INSERT INTO DETAILDEPOT(QUANTITEDEPOT,NOTOURNEE,NOTYPEDECCHET,NOCENTRE)
VALUES (60,5,6,3);
INSERT INTO DETAILDEPOT(QUANTITEDEPOT,NOTOURNEE,NOTYPEDECCHET,NOCENTRE)
VALUES (110,5,1,3);
INSERT INTO DETAILDEPOT(QUANTITEDEPOT,NOTOURNEE,NOTYPEDECCHET,NOCENTRE)
VALUES (150,6,1,4);
INSERT INTO DETAILDEPOT(QUANTITEDEPOT,NOTOURNEE,NOTYPEDECCHET,NOCENTRE)
VALUES (60,6,5,4 );
INSERT INTO DETAILDEPOT(QUANTITEDEPOT,NOTOURNEE,NOTYPEDECCHET,NOCENTRE)
VALUES (14,6,6,4);
INSERT INTO DETAILDEPOT(QUANTITEDEPOT,NOTOURNEE,NOTYPEDECCHET,NOCENTRE)
VALUES (10,6,7,4);
INSERT INTO DETAILDEPOT(QUANTITEDEPOT,NOTOURNEE,NOTYPEDECCHET,NOCENTRE)
VALUES (40,6,8,4);
INSERT INTO DETAILDEPOT(QUANTITEDEPOT,NOTOURNEE,NOTYPEDECCHET,NOCENTRE)
VALUES (60,7,4,3);
INSERT INTO DETAILDEPOT(QUANTITEDEPOT,NOTOURNEE,NOTYPEDECCHET,NOCENTRE)
VALUES (50,7,11,3);
INSERT INTO DETAILDEPOT(QUANTITEDEPOT,NOTOURNEE,NOTYPEDECCHET,NOCENTRE)
VALUES (110,7,7,5);
INSERT INTO DETAILDEPOT(QUANTITEDEPOT,NOTOURNEE,NOTYPEDECCHET,NOCENTRE)
VALUES (80,7,1,5);
-- PARIS
INSERT INTO DETAILDEPOT(QUANTITEDEPOT,NOTOURNEE,NOTYPEDECCHET,NOCENTRE)
VALUES (200,1,1,1);
INSERT INTO DETAILDEPOT(QUANTITEDEPOT,NOTOURNEE,NOTYPEDECCHET,NOCENTRE)
VALUES (120,1,2,1);
INSERT INTO DETAILDEPOT(QUANTITEDEPOT,NOTOURNEE,NOTYPEDECCHET,NOCENTRE)
VALUES (55,1,4,1);
INSERT INTO DETAILDEPOT(QUANTITEDEPOT,NOTOURNEE,NOTYPEDECCHET,NOCENTRE)
VALUES (60,1,12,4);
INSERT INTO DETAILDEPOT(QUANTITEDEPOT,NOTOURNEE,NOTYPEDECCHET,NOCENTRE)
VALUES (50,1,8,4);
INSERT INTO DETAILDEPOT(QUANTITEDEPOT,NOTOURNEE,NOTYPEDECCHET,NOCENTRE)
VALUES (15,1,6,5);
INSERT INTO DETAILDEPOT(QUANTITEDEPOT,NOTOURNEE,NOTYPEDECCHET,NOCENTRE)
VALUES (35,2,11,2);
INSERT INTO DETAILDEPOT(QUANTITEDEPOT,NOTOURNEE,NOTYPEDECCHET,NOCENTRE)
VALUES (155,2,1,2);
INSERT INTO DETAILDEPOT(QUANTITEDEPOT,NOTOURNEE,NOTYPEDECCHET,NOCENTRE)
VALUES (10,2,12,2);
INSERT INTO DETAILDEPOT(QUANTITEDEPOT,NOTOURNEE,NOTYPEDECCHET,NOCENTRE)
VALUES (30,2,11,2);
INSERT INTO DETAILDEPOT(QUANTITEDEPOT,NOTOURNEE,NOTYPEDECCHET,NOCENTRE)
VALUES (200,3,2,1);
INSERT INTO DETAILDEPOT(QUANTITEDEPOT,NOTOURNEE,NOTYPEDECCHET,NOCENTRE)
VALUES (70,3,2,3);
INSERT INTO DETAILDEPOT(QUANTITEDEPOT,NOTOURNEE,NOTYPEDECCHET,NOCENTRE)
VALUES (215,3,1,1);
INSERT INTO DETAILDEPOT(QUANTITEDEPOT,NOTOURNEE,NOTYPEDECCHET,NOCENTRE)
VALUES (32,3,12,3);
INSERT INTO DETAILDEPOT(QUANTITEDEPOT,NOTOURNEE,NOTYPEDECCHET,NOCENTRE)
VALUES (170,4,2,2);
INSERT INTO DETAILDEPOT(QUANTITEDEPOT,NOTOURNEE,NOTYPEDECCHET,NOCENTRE)
VALUES (120,4,4,2);
INSERT INTO DETAILDEPOT(QUANTITEDEPOT,NOTOURNEE,NOTYPEDECCHET,NOCENTRE)
VALUES (60,4,1,2);
INSERT INTO DETAILDEPOT(QUANTITEDEPOT,NOTOURNEE,NOTYPEDECCHET,NOCENTRE)
VALUES (50,4,3,2);
INSERT INTO DETAILDEPOT(QUANTITEDEPOT,NOTOURNEE,NOTYPEDECCHET,NOCENTRE)
VALUES (10,4,6,2);
INSERT INTO DETAILDEPOT(QUANTITEDEPOT,NOTOURNEE,NOTYPEDECCHET,NOCENTRE)
VALUES (50,4,7,4);
INSERT INTO DETAILDEPOT(QUANTITEDEPOT,NOTOURNEE,NOTYPEDECCHET,NOCENTRE)
VALUES (20,5,7,3);
INSERT INTO DETAILDEPOT(QUANTITEDEPOT,NOTOURNEE,NOTYPEDECCHET,NOCENTRE)
VALUES (20,5,6,3);
INSERT INTO DETAILDEPOT(QUANTITEDEPOT,NOTOURNEE,NOTYPEDECCHET,NOCENTRE)
VALUES (120,5,1,3);
INSERT INTO DETAILDEPOT(QUANTITEDEPOT,NOTOURNEE,NOTYPEDECCHET,NOCENTRE)
VALUES (10,5,6,3);
INSERT INTO DETAILDEPOT(QUANTITEDEPOT,NOTOURNEE,NOTYPEDECCHET,NOCENTRE)
VALUES (150,6,1,4);
INSERT INTO DETAILDEPOT(QUANTITEDEPOT,NOTOURNEE,NOTYPEDECCHET,NOCENTRE)
VALUES (12,6,6,4);
INSERT INTO DETAILDEPOT(QUANTITEDEPOT,NOTOURNEE,NOTYPEDECCHET,NOCENTRE)
VALUES (40,6,8,4);
INSERT INTO DETAILDEPOT(QUANTITEDEPOT,NOTOURNEE,NOTYPEDECCHET,NOCENTRE)
VALUES (60,6,2,4);
INSERT INTO DETAILDEPOT(QUANTITEDEPOT,NOTOURNEE,NOTYPEDECCHET,NOCENTRE)
VALUES (40,7,4,3);
INSERT INTO DETAILDEPOT(QUANTITEDEPOT,NOTOURNEE,NOTYPEDECCHET,NOCENTRE)
VALUES (55,7,11,3);
INSERT INTO DETAILDEPOT(QUANTITEDEPOT,NOTOURNEE,NOTYPEDECCHET,NOCENTRE)
VALUES (100,7,7,5 );
INSERT INTO DETAILDEPOT(QUANTITEDEPOT,NOTOURNEE,NOTYPEDECCHET,NOCENTRE)
VALUES (120,7,1,5);
