-- Site
INSERT INTO SITE(NOSITE,LIBELLE) VALUES (1,'LILLE');
INSERT INTO SITE(NOSITE,LIBELLE) VALUES (2,'PARIS');

-- fonction -- que lille
INSERT INTO FONCTION(NOFONCTION,LIBELLE) VALUES (1,'chauffeur');
INSERT INTO FONCTION(NOFONCTION,LIBELLE) VALUES (2,'secrétaire');
INSERT INTO FONCTION(NOFONCTION,LIBELLE) VALUES (3,'commercial');
INSERT INTO FONCTION(NOFONCTION,LIBELLE) VALUES (4,'directeur');
INSERT INTO FONCTION(NOFONCTION,LIBELLE) VALUES (5,'contrôleur');

-- Employe
-- lille
INSERT INTO (NOEMPLOYE,NOM,PRENOM,DATENAISS,SALAIRE,DATEEMBAUCHE,NOFONCTION,NOSITE)
VALUES (1,'Brila','Danny','20/03/1970',1350,'25/11/2004',1,1);
INSERT INTO (NOEMPLOYE,NOM,PRENOM,DATENAISS,SALAIRE,DATEEMBAUCHE,NOFONCTION,NOSITE)
VALUES (2,'Vanmeersch','Martin','26/03/1980',1450,'01/05/2006',1,1);
INSERT INTO (NOEMPLOYE,NOM,PRENOM,DATENAISS,SALAIRE,DATEEMBAUCHE,NOFONCTION,NOSITE)
VALUES (3,'Decuyper','Liesbeth','25/09/1980',1450,'30/06/1999',2,1);
INSERT INTO (NOEMPLOYE,NOM,PRENOM,DATENAISS,SALAIRE,DATEEMBAUCHE,NOFONCTION,NOSITE)
VALUES (4,'Ide','Vivien','04/12/1970',1450,'31/07/2001',1,1);
INSERT INTO (NOEMPLOYE,NOM,PRENOM,DATENAISS,SALAIRE,DATEEMBAUCHE,NOFONCTION,NOSITE)
VALUES (5,'Anderson','Dirk','02/03/1965',2200,'18/07/2006',4,1);
INSERT INTO (NOEMPLOYE,NOM,PRENOM,DATENAISS,SALAIRE,DATEEMBAUCHE,NOFONCTION,NOSITE)
VALUES (6,'Verelst','Jurgen','17/08/1968',1800,'20/09/2003',5,1);
-- paris
INSERT INTO (NOEMPLOYE,NOM,PRENOM,DATENAISS,SALAIRE,DATEEMBAUCHE,NOFONCTION,NOSITE)
VALUES (7,'Dupond','Marc','18/01/1970',1300,'25/12/2003',1,2);
INSERT INTO (NOEMPLOYE,NOM,PRENOM,DATENAISS,SALAIRE,DATEEMBAUCHE,NOFONCTION,NOSITE)
VALUES (8,'Larby','Antoine','22/03/1979',1500,'12/05/2005',1,2);
INSERT INTO (NOEMPLOYE,NOM,PRENOM,DATENAISS,SALAIRE,DATEEMBAUCHE,NOFONCTION,NOSITE)
VALUES (9,'Zevallos','Juliana','05/07/1980',2000,'30/03/1999',2,2);
INSERT INTO (NOEMPLOYE,NOM,PRENOM,DATENAISS,SALAIRE,DATEEMBAUCHE,NOFONCTION,NOSITE)
VALUES (10,'Randal','Didier','11/11/1975',1500,'25/02/2000',1,2);
INSERT INTO (NOEMPLOYE,NOM,PRENOM,DATENAISS,SALAIRE,DATEEMBAUCHE,NOFONCTION,NOSITE)
VALUES (11,'Delhaye','Marcus','14/12/1968',1550,'31/07/2000',1,2);
INSERT INTO (NOEMPLOYE,NOM,PRENOM,DATENAISS,SALAIRE,DATEEMBAUCHE,NOFONCTION,NOSITE)
VALUES (12,'Simon','Daniel','29/03/1962',2000,'16/07/2004',4,2);
INSERT INTO (NOEMPLOYE,NOM,PRENOM,DATENAISS,SALAIRE,DATEEMBAUCHE,NOFONCTION,NOSITE)
VALUES (13,'Anders','Marie-Laure','16/06/1968',1900,'26/09/2001',5,2);

-- Camion
-- lille
INSERT INTO (NOIMMATRIC,DATEACHAT,MODELE,MARQUE,NOSITE)
VALUES ('125ABC59','12/01/1999','ZE','Renault',1);
INSERT INTO (NOIMMATRIC,DATEACHAT,MODELE,MARQUE,NOSITE)
VALUES ('658DEC59','16/11/1998','ZE','Renault',1);
INSERT INTO (NOIMMATRIC,DATEACHAT,MODELE,MARQUE,NOSITE)
VALUES ('632BRL59','08/06/2005','Master','Renault',1);
INSERT INTO (NOIMMATRIC,DATEACHAT,MODELE,MARQUE,NOSITE)
VALUES ('221REN59','22/08/2004','Master','Renault',1);
INSERT INTO (NOIMMATRIC,DATEACHAT,MODELE,MARQUE,NOSITE)
VALUES ('102YEK59','13/12/2006','ZE','Renault',1);
INSERT INTO (NOIMMATRIC,DATEACHAT,MODELE,MARQUE,NOSITE)
VALUES ('688BRF59','14/10/2010','TGL','Man',1);
INSERT INTO (NOIMMATRIC,DATEACHAT,MODELE,MARQUE,NOSITE)
VALUES ('652GGF59','14/10/2010','TGL','Man',1);
INSERT INTO (NOIMMATRIC,DATEACHAT,MODELE,MARQUE,NOSITE)
VALUES ('156KLA59','14/10/2010','TGL','Man',1);
-- paris
INSERT INTO (NOIMMATRIC,DATEACHAT,MODELE,MARQUE,NOSITE)
VALUES ('236CKV95','12/12/2000','Sprinter','Mercedes',2);
INSERT INTO (NOIMMATRIC,DATEACHAT,MODELE,MARQUE,NOSITE)
VALUES ('257DEF95','12/12/2000','Sprinter','Mercedes',2);
INSERT INTO (NOIMMATRIC,DATEACHAT,MODELE,MARQUE,NOSITE)
VALUES ('357BAS95','08/04/2004','Master','Renault',2);
INSERT INTO (NOIMMATRIC,DATEACHAT,MODELE,MARQUE,NOSITE)
VALUES ('763OPE95','16/04/2004','Master','Renault',2);
INSERT INTO (NOIMMATRIC,DATEACHAT,MODELE,MARQUE,NOSITE)
VALUES ('124FAK95','13/09/2006','ZE','Renault',2);
INSERT INTO (NOIMMATRIC,DATEACHAT,MODELE,MARQUE,NOSITE)
VALUES ('658SQL95','04/10/2010','TGL','Man',2);
INSERT INTO (NOIMMATRIC,DATEACHAT,MODELE,MARQUE,NOSITE)
VALUES ('532DFC95','04/10/2010','TGL','Man',2);
INSERT INTO (NOIMMATRIC,DATEACHAT,MODELE,MARQUE,NOSITE)
VALUES ('602LKS95','04/10/2010','TGL','Man',2);

-- Tournee
-- Lille
INSERT INTO Tournee(NOTOURNEE,DATETOURNEE,ETAT,NOIMMATRIC,NOEMPLOYE)
VALUES (1,'10/09/2018','','125ABC59',1);
INSERT INTO Tournee(NOTOURNEE,DATETOURNEE,ETAT,NOIMMATRIC,NOEMPLOYE)
VALUES (2,'10/09/2018','','658DEC59',2);
INSERT INTO Tournee(NOTOURNEE,DATETOURNEE,ETAT,NOIMMATRIC,NOEMPLOYE)
VALUES (3,'10/09/2018','','632BRL59',3);
INSERT INTO Tournee(NOTOURNEE,DATETOURNEE,ETAT,NOIMMATRIC,NOEMPLOYE)
VALUES (3,'10/09/2018','','632BRL59',3);
INSERT INTO Tournee(NOTOURNEE,DATETOURNEE,ETAT,NOIMMATRIC,NOEMPLOYE)
VALUES (4,'10/09/2018','','221REN59',4);
INSERT INTO Tournee(NOTOURNEE,DATETOURNEE,ETAT,NOIMMATRIC,NOEMPLOYE)
VALUES (4,'10/09/2018','','102YEK59',5);
INSERT INTO Tournee(NOTOURNEE,DATETOURNEE,ETAT,NOIMMATRIC,NOEMPLOYE)
VALUES (4,'10/09/2018','','688BRF59',6);
INSERT INTO Tournee(NOTOURNEE,DATETOURNEE,ETAT,NOIMMATRIC,NOEMPLOYE)
VALUES (4,'10/09/2018','','652GGF59',7);
INSERT INTO Tournee(NOTOURNEE,DATETOURNEE,ETAT,NOIMMATRIC,NOEMPLOYE)
VALUES (4,'20/09/2018','','156KLA59',1);
INSERT INTO Tournee(NOTOURNEE,DATETOURNEE,ETAT,NOIMMATRIC,NOEMPLOYE)
VALUES (4,'20/09/2018','','652GGF59',2);
INSERT INTO Tournee(NOTOURNEE,DATETOURNEE,ETAT,NOIMMATRIC,NOEMPLOYE)
VALUES (4,'21/09/2018','','688BRF59',3);
INSERT INTO Tournee(NOTOURNEE,DATETOURNEE,ETAT,NOIMMATRIC,NOEMPLOYE)
VALUES (4,'21/09/2018','','632BRL59',4);
INSERT INTO Tournee(NOTOURNEE,DATETOURNEE,ETAT,NOIMMATRIC,NOEMPLOYE)
VALUES (4,'22/09/2018','','125ABC59',6);
INSERT INTO Tournee(NOTOURNEE,DATETOURNEE,ETAT,NOIMMATRIC,NOEMPLOYE)
VALUES (4,'22/09/2018','','632BRL59',7);
INSERT INTO Tournee(NOTOURNEE,DATETOURNEE,ETAT,NOIMMATRIC,NOEMPLOYE)
VALUES (4,'26/09/2018','','102YEK59',7);
INSERT INTO Tournee(NOTOURNEE,DATETOURNEE,ETAT,NOIMMATRIC,NOEMPLOYE)
VALUES (4,'26/09/2018','','688BRF59',5);
INSERT INTO Tournee(NOTOURNEE,DATETOURNEE,ETAT,NOIMMATRIC,NOEMPLOYE)
VALUES (4,'26/09/2018','','652GGF59',3);
INSERT INTO Tournee(NOTOURNEE,DATETOURNEE,ETAT,NOIMMATRIC,NOEMPLOYE)
VALUES (4,'30/09/2018','','125ABC59',2);
INSERT INTO Tournee(NOTOURNEE,DATETOURNEE,ETAT,NOIMMATRIC,NOEMPLOYE)
VALUES (4,'30/09/2018','','658DEC59',1);
INSERT INTO Tournee(NOTOURNEE,DATETOURNEE,ETAT,NOIMMATRIC,NOEMPLOYE)
VALUES (4,'30/09/2018','','632BRL59',4);
INSERT INTO Tournee(NOTOURNEE,DATETOURNEE,ETAT,NOIMMATRIC,NOEMPLOYE)
VALUES (4,'05/10/2018','','221REN59',4);
INSERT INTO Tournee(NOTOURNEE,DATETOURNEE,ETAT,NOIMMATRIC,NOEMPLOYE)
VALUES (4,'05/10/2018','','102YEK59',6);
INSERT INTO Tournee(NOTOURNEE,DATETOURNEE,ETAT,NOIMMATRIC,NOEMPLOYE)
VALUES (4,'11/10/2018','','688BRF59',7);
INSERT INTO Tournee(NOTOURNEE,DATETOURNEE,ETAT,NOIMMATRIC,NOEMPLOYE)
VALUES (4,'11/10/2018','','652GGF59',5);
INSERT INTO Tournee(NOTOURNEE,DATETOURNEE,ETAT,NOIMMATRIC,NOEMPLOYE)
VALUES (4,'11/10/2018','','156KLA59',3);
INSERT INTO Tournee(NOTOURNEE,DATETOURNEE,ETAT,NOIMMATRIC,NOEMPLOYE)
VALUES (4,'11/10/2018','','125ABC59',2);
INSERT INTO Tournee(NOTOURNEE,DATETOURNEE,ETAT,NOIMMATRIC,NOEMPLOYE)
VALUES (4,'14/10/2018','','658DEC59',2);
INSERT INTO Tournee(NOTOURNEE,DATETOURNEE,ETAT,NOIMMATRIC,NOEMPLOYE)
VALUES (4,'14/10/2018','','632BRL59',1);
INSERT INTO Tournee(NOTOURNEE,DATETOURNEE,ETAT,NOIMMATRIC,NOEMPLOYE)
VALUES (4,'14/10/2018','','102YEK59',4);
INSERT INTO Tournee(NOTOURNEE,DATETOURNEE,ETAT,NOIMMATRIC,NOEMPLOYE)
VALUES (4,'21/10/2018','','688BRF59',6);
INSERT INTO Tournee(NOTOURNEE,DATETOURNEE,ETAT,NOIMMATRIC,NOEMPLOYE)
VALUES (4,'21/10/2018','','156KLA59',7);
INSERT INTO Tournee(NOTOURNEE,DATETOURNEE,ETAT,NOIMMATRIC,NOEMPLOYE)
VALUES (4,'21/10/2018','','221REN59',3);
-- Paris
INSERT INTO Tournee(NOTOURNEE,DATETOURNEE,ETAT,NOIMMATRIC,NOEMPLOYE)
VALUES (1,'03/09/2018','','236CKV95',1);
INSERT INTO Tournee(NOTOURNEE,DATETOURNEE,ETAT,NOIMMATRIC,NOEMPLOYE)
VALUES (1,'03/09/2018','','257DEF95',2);
INSERT INTO Tournee(NOTOURNEE,DATETOURNEE,ETAT,NOIMMATRIC,NOEMPLOYE)
VALUES (1,'03/09/2018','','357BAS95',3);
INSERT INTO Tournee(NOTOURNEE,DATETOURNEE,ETAT,NOIMMATRIC,NOEMPLOYE)
VALUES (1,'03/09/2018','','763OPE95',4);
INSERT INTO Tournee(NOTOURNEE,DATETOURNEE,ETAT,NOIMMATRIC,NOEMPLOYE)
VALUES (1,'03/09/2018','','124FAK95',5);
INSERT INTO Tournee(NOTOURNEE,DATETOURNEE,ETAT,NOIMMATRIC,NOEMPLOYE)
VALUES (1,'03/09/2018','','658SQL95',6);
INSERT INTO Tournee(NOTOURNEE,DATETOURNEE,ETAT,NOIMMATRIC,NOEMPLOYE)
VALUES (1,'03/09/2018','','532DFC95',7);
INSERT INTO Tournee(NOTOURNEE,DATETOURNEE,ETAT,NOIMMATRIC,NOEMPLOYE)
VALUES (1,'20/09/2018','','257DEF95',1);
INSERT INTO Tournee(NOTOURNEE,DATETOURNEE,ETAT,NOIMMATRIC,NOEMPLOYE)
VALUES (1,'20/09/2018','','357BAS95',2);
INSERT INTO Tournee(NOTOURNEE,DATETOURNEE,ETAT,NOIMMATRIC,NOEMPLOYE)
VALUES (1,'20/09/2018','','763OPE95',3);
INSERT INTO Tournee(NOTOURNEE,DATETOURNEE,ETAT,NOIMMATRIC,NOEMPLOYE)
VALUES (1,'20/09/2018','','124FAK95',4);
INSERT INTO Tournee(NOTOURNEE,DATETOURNEE,ETAT,NOIMMATRIC,NOEMPLOYE)
VALUES (1,'21/09/2018','','658SQL95',6);
INSERT INTO Tournee(NOTOURNEE,DATETOURNEE,ETAT,NOIMMATRIC,NOEMPLOYE)
VALUES (1,'21/09/2018','','532DFC95',7);
INSERT INTO Tournee(NOTOURNEE,DATETOURNEE,ETAT,NOIMMATRIC,NOEMPLOYE)
VALUES (1,'27/09/2018','','257DEF95',7);
INSERT INTO Tournee(NOTOURNEE,DATETOURNEE,ETAT,NOIMMATRIC,NOEMPLOYE)
VALUES (1,'27/09/2018','','357BAS95',5);
INSERT INTO Tournee(NOTOURNEE,DATETOURNEE,ETAT,NOIMMATRIC,NOEMPLOYE)
VALUES (1,'27/09/2018','','763OPE95',3);
INSERT INTO Tournee(NOTOURNEE,DATETOURNEE,ETAT,NOIMMATRIC,NOEMPLOYE)
VALUES (1,'30/09/2018','','124FAK95',2);
INSERT INTO Tournee(NOTOURNEE,DATETOURNEE,ETAT,NOIMMATRIC,NOEMPLOYE)
VALUES (1,'30/09/2018','','658SQL95',1);
INSERT INTO Tournee(NOTOURNEE,DATETOURNEE,ETAT,NOIMMATRIC,NOEMPLOYE)
VALUES (1,'30/09/2018','','532DFC95',4);
INSERT INTO Tournee(NOTOURNEE,DATETOURNEE,ETAT,NOIMMATRIC,NOEMPLOYE)
VALUES (1,'04/10/2018','','257DEF95',4);
INSERT INTO Tournee(NOTOURNEE,DATETOURNEE,ETAT,NOIMMATRIC,NOEMPLOYE)
VALUES (1,'04/10/2018','','357BAS95',6);
INSERT INTO Tournee(NOTOURNEE,DATETOURNEE,ETAT,NOIMMATRIC,NOEMPLOYE)
VALUES (1,'10/10/2018','','763OPE95',7);
INSERT INTO Tournee(NOTOURNEE,DATETOURNEE,ETAT,NOIMMATRIC,NOEMPLOYE)
VALUES (1,'10/10/2018','','124FAK95',5);
INSERT INTO Tournee(NOTOURNEE,DATETOURNEE,ETAT,NOIMMATRIC,NOEMPLOYE)
VALUES (1,'10/10/2018','','658SQL95',3);
INSERT INTO Tournee(NOTOURNEE,DATETOURNEE,ETAT,NOIMMATRIC,NOEMPLOYE)
VALUES (1,'10/10/2018','','532DFC95',2);
INSERT INTO Tournee(NOTOURNEE,DATETOURNEE,ETAT,NOIMMATRIC,NOEMPLOYE)
VALUES (1,'15/10/2018','','257DEF95',2);
INSERT INTO Tournee(NOTOURNEE,DATETOURNEE,ETAT,NOIMMATRIC,NOEMPLOYE)
VALUES (1,'15/10/2018','','357BAS95',1);
INSERT INTO Tournee(NOTOURNEE,DATETOURNEE,ETAT,NOIMMATRIC,NOEMPLOYE)
VALUES (1,'15/10/2018','','763OPE95',4);
INSERT INTO Tournee(NOTOURNEE,DATETOURNEE,ETAT,NOIMMATRIC,NOEMPLOYE)
VALUES (1,'20/10/2018','','124FAK95',6);
INSERT INTO Tournee(NOTOURNEE,DATETOURNEE,ETAT,NOIMMATRIC,NOEMPLOYE)
VALUES (1,'20/10/2018','','658SQL95',7);
INSERT INTO Tournee(NOTOURNEE,DATETOURNEE,ETAT,NOIMMATRIC,NOEMPLOYE)
VALUES (1,'20/10/2018','','532DFC95',3);

-- CENTRETRAITEMENT


-- TYPEDECHET


-- ENTREPRISE


-- DEMANDE
